Datetime,Open,High,Low,Close,Adj Close,Volume
2026-02-24 09:30:00,20.809999465942383,20.920000076293945,20.57999992370605,20.8700008392334,20.8700008392334,0
2026-02-24 10:30:00,20.8700008392334,21.049999237060547,20.82999992370605,20.959999084472656,20.959999084472656,5985941
2026-02-24 12:30:00,20.96999931335449,21.06999969482422,20.89999961853028,20.90999984741211,20.90999984741211,2529464
2026-02-24 13:30:00,20.920000076293945,20.96999931335449,20.86000061035156,20.90999984741211,20.90999984741211,2957355
2026-02-24 14:30:00,20.920000076293945,20.940000534057617,20.86000061035156,20.920000076293945,20.920000076293945,2440313
2026-02-25 09:30:00,20.8799991607666,21.36000061035156,20.81999969482422,21.36000061035156,21.36000061035156,14547302
2026-02-25 10:30:00,21.36000061035156,22.06999969482422,21.25,21.850000381469727,21.850000381469727,25576444
2026-02-25 11:30:00,21.84000015258789,21.84000015258789,21.84000015258789,21.84000015258789,21.84000015258789,1887
2026-02-25 12:30:00,21.84000015258789,22.21999931335449,21.76000022888184,22.200000762939453,22.200000762939453,11151483
2026-02-25 13:30:00,22.200000762939453,22.43000030517578,21.959999084472656,21.989999771118164,21.989999771118164,16179978
2026-02-25 14:30:00,21.979999542236328,22.1200008392334,21.979999542236328,22.100000381469727,22.100000381469727,5062748
2026-02-26 09:30:00,22.239999771118164,22.239999771118164,21.739999771118164,21.76000022888184,21.76000022888184,19139059
2026-02-26 10:30:00,21.76000022888184,22.049999237060547,21.75,22.020000457763672,22.020000457763672,6502857
2026-02-26 11:30:00,22.020000457763672,22.020000457763672,22.020000457763672,22.020000457763672,22.020000457763672,300
2026-02-26 12:30:00,22.020000457763672,22.15999984741211,22.0,22.09000015258789,22.09000015258789,3947379
2026-02-26 13:30:00,22.100000381469727,22.190000534057617,21.89999961853028,21.93000030517578,21.93000030517578,5823774
2026-02-26 14:30:00,21.93000030517578,21.989999771118164,21.93000030517578,21.959999084472656,21.959999084472656,2983905
2026-02-27 09:30:00,21.770000457763672,21.959999084472656,21.350000381469727,21.76000022888184,21.76000022888184,0
2026-02-27 10:30:00,21.790000915527344,21.940000534057617,21.700000762939453,21.71999931335449,21.71999931335449,4858002
2026-02-27 12:30:00,21.71999931335449,21.81999969482422,21.65999984741211,21.799999237060547,21.799999237060547,2639316
2026-02-27 13:30:00,21.799999237060547,21.84000015258789,21.68000030517578,21.68000030517578,21.68000030517578,4971814
2026-02-27 14:30:00,21.68000030517578,21.81999969482422,21.65999984741211,21.81999969482422,21.81999969482422,4080596
2026-03-02 09:30:00,21.25,21.549999237060547,20.440000534057617,20.51000022888184,20.51000022888184,1259735
2026-03-02 10:30:00,20.520000457763672,20.670000076293945,20.459999084472656,20.63999938964844,20.63999938964844,7647087
2026-03-02 12:30:00,20.63999938964844,20.86000061035156,20.61000061035156,20.799999237060547,20.799999237060547,3443669
2026-03-02 13:30:00,20.799999237060547,20.84000015258789,20.670000076293945,20.709999084472656,20.709999084472656,3877207
2026-03-02 14:30:00,20.709999084472656,20.75,20.6299991607666,20.670000076293945,20.670000076293945,3709810
2026-03-03 09:30:00,20.71999931335449,20.950000762939453,20.1200008392334,20.200000762939453,20.200000762939453,0
2026-03-03 10:30:00,20.18000030517578,20.350000381469727,20.14999961853028,20.239999771118164,20.239999771118164,5419388
2026-03-03 12:30:00,20.229999542236328,20.26000022888184,20.01000022888184,20.06999969482422,20.06999969482422,4201354
2026-03-03 13:30:00,20.059999465942383,20.100000381469727,19.76000022888184,19.920000076293945,19.920000076293945,10473273
2026-03-03 14:30:00,19.940000534057617,19.96999931335449,19.700000762939453,19.75,19.75,5456287
2026-03-04 09:30:00,19.559999465942383,19.93000030517578,19.540000915527344,19.68000030517578,19.68000030517578,12378098
2026-03-04 10:30:00,19.68000030517578,19.700000762939453,19.38999938964844,19.43000030517578,19.43000030517578,6385787
2026-03-04 12:30:00,19.43000030517578,19.489999771118164,19.34000015258789,19.3700008392334,19.3700008392334,2850297
2026-03-04 13:30:00,19.36000061035156,19.540000915527344,19.290000915527344,19.299999237060547,19.299999237060547,4203488
2026-03-04 14:30:00,19.309999465942383,19.36000061035156,19.280000686645508,19.32999992370605,19.32999992370605,2894805
2026-03-05 09:30:00,19.700000762939453,19.8799991607666,19.600000381469727,19.6299991607666,19.6299991607666,0
2026-03-05 10:30:00,19.6299991607666,19.700000762939453,19.540000915527344,19.65999984741211,19.65999984741211,4586248
2026-03-05 12:30:00,19.670000076293945,19.729999542236328,19.64999961853028,19.670000076293945,19.670000076293945,1891384
2026-03-05 13:30:00,19.670000076293945,19.690000534057617,19.3799991607666,19.459999084472656,19.459999084472656,4244126
2026-03-05 14:30:00,19.46999931335449,19.540000915527344,19.450000762939453,19.5,19.5,3022034
2026-03-06 09:30:00,19.39999961853028,19.71999931335449,19.39999961853028,19.600000381469727,19.600000381469727,0
2026-03-06 10:30:00,19.6200008392334,19.68000030517578,19.540000915527344,19.6299991607666,19.6299991607666,3372540
2026-03-06 11:30:00,19.63999938964844,19.63999938964844,19.63999938964844,19.63999938964844,19.63999938964844,1200
2026-03-06 12:30:00,19.64999961853028,19.68000030517578,19.51000022888184,19.559999465942383,19.559999465942383,3149382
2026-03-06 13:30:00,19.559999465942383,19.670000076293945,19.559999465942383,19.61000061035156,19.61000061035156,2784106
2026-03-06 14:30:00,19.61000061035156,19.63999938964844,19.549999237060547,19.57999992370605,19.57999992370605,2379138
2026-03-09 09:30:00,19.239999771118164,19.25,18.850000381469727,18.940000534057617,18.940000534057617,0
2026-03-09 10:30:00,18.93000030517578,19.07999992370605,18.93000030517578,19.020000457763672,19.020000457763672,3509962
2026-03-09 12:30:00,19.030000686645508,19.13999938964844,18.950000762939453,19.13999938964844,19.13999938964844,2778131
2026-03-09 13:30:00,19.11000061035156,19.36000061035156,19.11000061035156,19.309999465942383,19.309999465942383,4417421
2026-03-09 14:30:00,19.31999969482422,19.36000061035156,19.239999771118164,19.239999771118164,19.239999771118164,2561280
2026-03-10 09:30:00,19.5,19.709999084472656,19.5,19.57999992370605,19.57999992370605,0
2026-03-10 10:30:00,19.57999992370605,19.59000015258789,19.38999938964844,19.46999931335449,19.46999931335449,3570186
2026-03-10 12:30:00,19.46999931335449,19.61000061035156,19.450000762939453,19.549999237060547,19.549999237060547,1932388
2026-03-10 13:30:00,19.559999465942383,19.61000061035156,19.489999771118164,19.530000686645508,19.530000686645508,3124747
2026-03-10 14:30:00,19.530000686645508,19.59000015258789,19.51000022888184,19.530000686645508,19.530000686645508,2587874
2026-03-11 09:30:00,19.600000381469727,19.729999542236328,19.549999237060547,19.65999984741211,19.65999984741211,8373787
2026-03-11 10:30:00,19.670000076293945,19.670000076293945,19.549999237060547,19.6200008392334,19.6200008392334,3840899
2026-03-11 12:30:00,19.6200008392334,19.68000030517578,19.540000915527344,19.540000915527344,19.540000915527344,2077407
2026-03-11 13:30:00,19.540000915527344,20.030000686645508,19.540000915527344,19.920000076293945,19.920000076293945,10785787
2026-03-11 14:30:00,19.90999984741211,19.959999084472656,19.8799991607666,19.920000076293945,19.920000076293945,3554942
2026-03-12 09:30:00,19.799999237060547,19.8799991607666,19.63999938964844,19.709999084472656,19.709999084472656,9502488
2026-03-12 10:30:00,19.68000030517578,19.71999931335449,19.479999542236328,19.479999542236328,19.479999542236328,5537006
2026-03-12 12:30:00,19.479999542236328,19.6200008392334,19.479999542236328,19.56999969482422,19.56999969482422,1645921
2026-03-12 13:30:00,19.559999465942383,19.65999984741211,19.549999237060547,19.59000015258789,19.59000015258789,3263547
2026-03-12 14:30:00,19.59000015258789,19.6200008392334,19.530000686645508,19.56999969482422,19.56999969482422,1938831
2026-03-13 09:30:00,19.32999992370605,19.65999984741211,19.270000457763672,19.540000915527344,19.540000915527344,8254463
2026-03-13 10:30:00,19.540000915527344,19.75,19.479999542236328,19.56999969482422,19.56999969482422,5214346
2026-03-13 12:30:00,19.56999969482422,19.57999992370605,19.38999938964844,19.420000076293945,19.420000076293945,1992645
2026-03-13 13:30:00,19.420000076293945,19.540000915527344,19.280000686645508,19.280000686645508,19.280000686645508,4964652
2026-03-13 14:30:00,19.290000915527344,19.32999992370605,19.15999984741211,19.25,19.25,4874217
2026-03-16 09:30:00,19.299999237060547,19.3799991607666,19.100000381469727,19.209999084472656,19.209999084472656,8713428
2026-03-16 10:30:00,19.21999931335449,19.239999771118164,19.07999992370605,19.190000534057617,19.190000534057617,3617546
2026-03-16 12:30:00,19.209999084472656,19.479999542236328,19.200000762939453,19.36000061035156,19.36000061035156,4776638
2026-03-16 13:30:00,19.3700008392334,19.40999984741211,19.26000022888184,19.32999992370605,19.32999992370605,4130468
2026-03-16 14:30:00,19.350000381469727,19.459999084472656,19.309999465942383,19.420000076293945,19.420000076293945,3012419
2026-03-17 09:30:00,19.5,19.559999465942383,19.25,19.350000381469727,19.350000381469727,0
2026-03-17 10:30:00,19.36000061035156,19.38999938964844,19.18000030517578,19.209999084472656,19.209999084472656,3610995
2026-03-17 12:30:00,19.190000534057617,19.25,19.11000061035156,19.13999938964844,19.13999938964844,1992474
2026-03-17 13:30:00,19.14999961853028,19.15999984741211,18.959999084472656,18.96999931335449,18.96999931335449,4651853
2026-03-17 14:30:00,18.96999931335449,19.020000457763672,18.8799991607666,18.88999938964844,18.88999938964844,3487114
2026-03-18 09:30:00,19.0,19.100000381469727,18.65999984741211,18.670000076293945,18.670000076293945,7902277
2026-03-18 10:30:00,18.68000030517578,18.780000686645508,18.56999969482422,18.75,18.75,4569957
2026-03-18 11:30:00,18.75,18.75,18.75,18.75,18.75,7400
2026-03-18 12:30:00,18.770000457763672,18.809999465942383,18.65999984741211,18.68000030517578,18.68000030517578,2016627
2026-03-18 13:30:00,18.690000534057617,18.82999992370605,18.670000076293945,18.809999465942383,18.809999465942383,4004011
2026-03-18 14:30:00,18.809999465942383,18.88999938964844,18.790000915527344,18.8799991607666,18.8799991607666,3159680
2026-03-19 09:30:00,18.600000381469727,18.81999969482422,18.56999969482422,18.75,18.75,0
2026-03-19 10:30:00,18.75,18.86000061035156,18.709999084472656,18.770000457763672,18.770000457763672,3056311
2026-03-19 12:30:00,18.770000457763672,18.790000915527344,18.65999984741211,18.690000534057617,18.690000534057617,1965095
2026-03-19 13:30:00,18.690000534057617,18.8799991607666,18.65999984741211,18.709999084472656,18.709999084472656,4073433
2026-03-19 14:30:00,18.700000762939453,18.729999542236328,18.6200008392334,18.670000076293945,18.670000076293945,2691715
2026-03-20 09:30:00,18.739999771118164,18.82999992370605,18.420000076293945,18.459999084472656,18.459999084472656,7744493
2026-03-20 10:30:00,18.440000534057617,18.5,18.21999931335449,18.43000030517578,18.43000030517578,7893675
2026-03-20 12:30:00,18.43000030517578,18.489999771118164,18.3700008392334,18.450000762939453,18.450000762939453,3100107
2026-03-20 13:30:00,18.450000762939453,18.479999542236328,18.32999992370605,18.39999961853028,18.39999961853028,3485184
2026-03-20 14:30:00,18.38999938964844,18.43000030517578,18.14999961853028,18.14999961853028,18.14999961853028,3467446
2026-03-23 09:30:00,17.969999313354492,18.0,17.6299991607666,17.8799991607666,17.8799991607666,0
2026-03-23 10:30:00,17.90999984741211,17.989999771118164,17.770000457763672,17.809999465942383,17.809999465942383,3760630
2026-03-23 12:30:00,17.809999465942383,17.899999618530273,17.489999771118164,17.5,17.5,4276378
2026-03-23 13:30:00,17.5,17.709999084472656,17.31999969482422,17.520000457763672,17.520000457763672,7610816
2026-03-23 14:30:00,17.540000915527344,17.540000915527344,17.270000457763672,17.3700008392334,17.3700008392334,4511846
2026-03-24 09:30:00,17.709999084472656,17.760000228881836,17.329999923706055,17.59000015258789,17.59000015258789,9748461
2026-03-24 10:30:00,17.59000015258789,17.649999618530273,17.440000534057617,17.469999313354492,17.469999313354492,4357695
2026-03-24 12:30:00,17.479999542236328,17.479999542236328,17.270000457763672,17.280000686645508,17.280000686645508,2123744
2026-03-24 13:30:00,17.280000686645508,17.600000381469727,17.270000457763672,17.56999969482422,17.56999969482422,4054193
2026-03-24 14:30:00,17.579999923706055,17.649999618530273,17.56999969482422,17.610000610351562,17.610000610351562,2446825
2026-03-25 09:30:00,17.809999465942383,17.950000762939453,17.719999313354492,17.780000686645508,17.780000686645508,0
2026-03-25 10:30:00,17.780000686645508,17.84000015258789,17.68000030517578,17.75,17.75,3607864
2026-03-25 12:30:00,17.75,17.860000610351562,17.75,17.850000381469727,17.850000381469727,2243362
2026-03-25 13:30:00,17.860000610351562,17.8799991607666,17.700000762939453,17.719999313354492,17.719999313354492,3105122
2026-03-25 14:30:00,17.739999771118164,17.809999465942383,17.719999313354492,17.790000915527344,17.790000915527344,2206126
2026-03-26 09:30:00,17.700000762939453,17.84000015258789,17.649999618530273,17.729999542236328,17.729999542236328,5531948
2026-03-26 10:30:00,17.719999313354492,17.760000228881836,17.65999984741211,17.68000030517578,17.68000030517578,2936201
2026-03-26 12:30:00,17.68000030517578,17.700000762939453,17.530000686645508,17.56999969482422,17.56999969482422,2025458
2026-03-26 13:30:00,17.559999465942383,17.579999923706055,17.40999984741211,17.459999084472656,17.459999084472656,3491967
2026-03-26 14:30:00,17.469999313354492,17.530000686645508,17.40999984741211,17.510000228881836,17.510000228881836,2106210
2026-03-27 09:30:00,17.420000076293945,17.579999923706055,17.329999923706055,17.549999237060547,17.549999237060547,5505699
2026-03-27 10:30:00,17.549999237060547,17.6200008392334,17.479999542236328,17.549999237060547,17.549999237060547,2591558
2026-03-27 12:30:00,17.56999969482422,17.760000228881836,17.549999237060547,17.670000076293945,17.670000076293945,2698506
2026-03-27 13:30:00,17.670000076293945,17.719999313354492,17.559999465942383,17.59000015258789,17.59000015258789,2367075
2026-03-27 14:30:00,17.579999923706055,17.649999618530273,17.56999969482422,17.600000381469727,17.600000381469727,1677205
2026-03-30 09:30:00,17.420000076293945,17.459999084472656,17.09000015258789,17.290000915527344,17.290000915527344,0
2026-03-30 10:30:00,17.290000915527344,17.40999984741211,17.200000762939453,17.3799991607666,17.3799991607666,5098847
2026-03-30 12:30:00,17.3700008392334,17.440000534057617,17.299999237060547,17.34000015258789,17.34000015258789,2328032
2026-03-30 13:30:00,17.34000015258789,17.420000076293945,17.280000686645508,17.309999465942383,17.309999465942383,2764799
2026-03-30 14:30:00,17.329999923706055,17.360000610351562,17.25,17.290000915527344,17.290000915527344,2478912
2026-03-31 09:30:00,17.209999084472656,17.5,17.209999084472656,17.360000610351562,17.360000610351562,6667347
2026-03-31 10:30:00,17.360000610351562,17.3700008392334,17.239999771118164,17.25,17.25,4418803
2026-03-31 11:30:00,17.25,17.25,17.25,17.25,17.25,800
2026-03-31 12:30:00,17.280000686645508,17.329999923706055,17.219999313354492,17.280000686645508,17.280000686645508,1461777
2026-03-31 13:30:00,17.290000915527344,17.309999465942383,17.010000228881836,17.020000457763672,17.020000457763672,4506626
2026-03-31 14:30:00,17.020000457763672,17.06999969482422,16.920000076293945,16.93000030517578,16.93000030517578,3385600
2026-04-01 09:30:00,17.270000457763672,17.299999237060547,17.0,17.1200008392334,17.1200008392334,8725550
2026-04-01 10:30:00,17.079999923706055,17.209999084472656,17.079999923706055,17.1200008392334,17.1200008392334,2867681
2026-04-01 12:30:00,17.139999389648438,17.229999542236328,17.100000381469727,17.229999542236328,17.229999542236328,1855285
2026-04-01 13:30:00,17.229999542236328,17.280000686645508,17.139999389648438,17.209999084472656,17.209999084472656,3144422
2026-04-01 14:30:00,17.219999313354492,17.280000686645508,17.190000534057617,17.25,17.25,2560637
2026-04-02 09:30:00,17.219999313354492,17.219999313354492,16.979999542236328,17.09000015258789,17.09000015258789,0
2026-04-02 10:30:00,17.06999969482422,17.170000076293945,17.030000686645508,17.110000610351562,17.110000610351562,2916570
2026-04-02 12:30:00,17.1200008392334,17.1200008392334,16.950000762939453,16.969999313354492,16.969999313354492,2812261
2026-04-02 13:30:00,16.979999542236328,17.0,16.81999969482422,16.93000030517578,16.93000030517578,5139152
2026-04-02 14:30:00,16.920000076293945,16.979999542236328,16.860000610351562,16.940000534057617,16.940000534057617,2095882
2026-04-03 09:30:00,17.0,17.09000015258789,16.770000457763672,16.850000381469727,16.850000381469727,4774218
2026-04-03 10:30:00,16.850000381469727,16.93000030517578,16.790000915527344,16.790000915527344,16.790000915527344,2693561
2026-04-03 12:30:00,16.780000686645508,16.84000015258789,16.709999084472656,16.739999771118164,16.739999771118164,1439545
2026-04-03 13:30:00,16.739999771118164,16.809999465942383,16.65999984741211,16.670000076293945,16.670000076293945,2615090
2026-04-03 14:30:00,16.68000030517578,16.700000762939453,16.610000610351562,16.6299991607666,16.6299991607666,2065622
2026-04-07 09:30:00,16.780000686645508,16.989999771118164,16.739999771118164,16.899999618530273,16.899999618530273,6759687
2026-04-07 10:30:00,16.899999618530273,17.059999465942383,16.81999969482422,16.84000015258789,16.84000015258789,4175627
2026-04-07 12:30:00,16.829999923706055,16.899999618530273,16.790000915527344,16.799999237060547,16.799999237060547,1328893
2026-04-07 13:30:00,16.809999465942383,16.889999389648438,16.610000610351562,16.889999389648438,16.889999389648438,2072499
2026-04-07 14:30:00,16.889999389648438,16.920000076293945,16.84000015258789,16.8700008392334,16.8700008392334,2149929
2026-04-08 09:30:00,17.299999237060547,17.469999313354492,17.280000686645508,17.389999389648438,17.389999389648438,0
2026-04-08 10:30:00,17.389999389648438,17.549999237060547,17.3799991607666,17.549999237060547,17.549999237060547,4845601
2026-04-08 11:30:00,17.549999237060547,17.549999237060547,17.549999237060547,17.549999237060547,17.549999237060547,3700
2026-04-08 12:30:00,17.540000915527344,17.729999542236328,17.510000228881836,17.670000076293945,17.670000076293945,3140359
2026-04-08 13:30:00,17.670000076293945,17.84000015258789,17.6200008392334,17.780000686645508,17.780000686645508,6435287
2026-04-08 14:30:00,17.770000457763672,17.889999389648438,17.770000457763672,17.8700008392334,17.8700008392334,3904827
2026-04-09 09:30:00,17.600000381469727,17.8700008392334,17.530000686645508,17.729999542236328,17.729999542236328,0
2026-04-09 10:30:00,17.739999771118164,17.829999923706055,17.649999618530273,17.670000076293945,17.670000076293945,3767912
2026-04-09 12:30:00,17.65999984741211,17.68000030517578,17.559999465942383,17.639999389648438,17.639999389648438,2636563
2026-04-09 13:30:00,17.6200008392334,17.690000534057617,17.530000686645508,17.540000915527344,17.540000915527344,3790583
2026-04-09 14:30:00,17.540000915527344,17.549999237060547,17.469999313354492,17.520000457763672,17.520000457763672,2909302
2026-04-10 09:30:00,17.739999771118164,17.969999313354492,17.739999771118164,17.84000015258789,17.84000015258789,0
2026-04-10 10:30:00,17.84000015258789,17.8700008392334,17.760000228881836,17.790000915527344,17.790000915527344,4347323
2026-04-10 12:30:00,17.790000915527344,17.84000015258789,17.75,17.790000915527344,17.790000915527344,1850721
2026-04-10 13:30:00,17.799999237060547,17.8700008392334,17.770000457763672,17.780000686645508,17.780000686645508,3588127
2026-04-10 14:30:00,17.780000686645508,17.799999237060547,17.700000762939453,17.729999542236328,17.729999542236328,2641880
2026-04-13 09:30:00,17.59000015258789,17.850000381469727,17.530000686645508,17.780000686645508,17.780000686645508,0
2026-04-13 10:30:00,17.780000686645508,17.81999969482422,17.610000610351562,17.639999389648438,17.639999389648438,3584358
2026-04-13 12:30:00,17.639999389648438,17.709999084472656,17.610000610351562,17.68000030517578,17.68000030517578,1559350
2026-04-13 13:30:00,17.68000030517578,17.780000686645508,17.6299991607666,17.639999389648438,17.639999389648438,3379166
2026-04-13 14:30:00,17.639999389648438,17.65999984741211,17.610000610351562,17.65999984741211,17.65999984741211,2359250
2026-04-14 09:30:00,17.84000015258789,17.940000534057617,17.729999542236328,17.889999389648438,17.889999389648438,0
2026-04-14 10:30:00,17.8799991607666,17.899999618530273,17.729999542236328,17.770000457763672,17.770000457763672,5272281
2026-04-14 12:30:00,17.790000915527344,17.809999465942383,17.690000534057617,17.690000534057617,17.690000534057617,2857748
2026-04-14 13:30:00,17.719999313354492,17.719999313354492,17.6299991607666,17.649999618530273,17.649999618530273,3901088
2026-04-14 14:30:00,17.649999618530273,17.829999923706055,17.639999389648438,17.799999237060547,17.799999237060547,3543520
2026-04-15 09:30:00,17.899999618530273,18.040000915527344,17.770000457763672,17.780000686645508,17.780000686645508,0
2026-04-15 10:30:00,17.790000915527344,18.32999992370605,17.770000457763672,18.15999984741211,18.15999984741211,15160011
2026-04-15 12:30:00,18.14999961853028,18.170000076293945,17.969999313354492,17.989999771118164,17.989999771118164,3594314
2026-04-15 13:30:00,17.989999771118164,18.059999465942383,17.81999969482422,17.84000015258789,17.84000015258789,5078428
2026-04-15 14:30:00,17.84000015258789,17.860000610351562,17.729999542236328,17.790000915527344,17.790000915527344,3778608
2026-04-16 09:30:00,17.8700008392334,17.950000762939453,17.739999771118164,17.84000015258789,17.84000015258789,8838074
2026-04-16 10:30:00,17.84000015258789,17.90999984741211,17.780000686645508,17.860000610351562,17.860000610351562,4161208
2026-04-16 11:30:00,17.850000381469727,17.850000381469727,17.850000381469727,17.850000381469727,17.850000381469727,200
2026-04-16 12:30:00,17.8700008392334,17.8700008392334,17.729999542236328,17.790000915527344,17.790000915527344,3121981
2026-04-16 13:30:00,17.790000915527344,17.850000381469727,17.739999771118164,17.809999465942383,17.809999465942383,3813694
2026-04-16 14:30:00,17.81999969482422,17.889999389648438,17.809999465942383,17.8799991607666,17.8799991607666,3199666
2026-04-17 09:30:00,17.770000457763672,18.209999084472656,17.65999984741211,17.989999771118164,17.989999771118164,14669674
2026-04-17 10:30:00,17.989999771118164,18.3799991607666,17.989999771118164,18.100000381469727,18.100000381469727,9444751
2026-04-17 12:30:00,18.18000030517578,18.31999969482422,18.100000381469727,18.15999984741211,18.15999984741211,3244542
2026-04-17 13:30:00,18.15999984741211,18.25,18.1299991607666,18.14999961853028,18.14999961853028,4041598
2026-04-17 14:30:00,18.14999961853028,18.18000030517578,18.100000381469727,18.13999938964844,18.13999938964844,3078047
2026-04-21 09:30:00,20.450000762939453,20.549999237060547,19.75,19.82999992370605,19.82999992370605,0
2026-04-21 10:30:00,19.82999992370605,19.8700008392334,19.709999084472656,19.739999771118164,19.739999771118164,10152073
2026-04-21 11:30:00,19.75,19.75,19.75,19.75,19.75,400
2026-04-21 12:30:00,19.75,19.88999938964844,19.729999542236328,19.86000061035156,19.86000061035156,4259748
2026-04-21 13:30:00,19.850000381469727,20.799999237060547,19.76000022888184,19.809999465942383,19.809999465942383,8217559
2026-04-21 14:30:00,19.809999465942383,19.82999992370605,19.76000022888184,19.780000686645508,19.780000686645508,4826904
2026-04-22 09:30:00,19.93000030517578,20.06999969482422,19.739999771118164,19.809999465942383,19.809999465942383,22441798
2026-04-22 10:30:00,19.809999465942383,19.8700008392334,19.709999084472656,19.780000686645508,19.780000686645508,7434502
2026-04-22 11:30:00,19.780000686645508,19.780000686645508,19.780000686645508,19.780000686645508,19.780000686645508,14875
2026-04-22 12:30:00,19.790000915527344,19.88999938964844,19.709999084472656,19.790000915527344,19.790000915527344,4117333
2026-04-22 13:30:00,19.790000915527344,20.06999969482422,19.65999984741211,19.920000076293945,19.920000076293945,10897183
2026-04-22 14:30:00,19.920000076293945,20.040000915527344,19.8799991607666,19.989999771118164,19.989999771118164,8032012
2026-04-23 09:30:00,20.290000915527344,21.440000534057617,19.950000762939453,20.989999771118164,20.989999771118164,0
2026-04-23 10:30:00,21.0,21.18000030517578,20.51000022888184,20.540000915527344,20.540000915527344,15569646
2026-04-23 11:30:00,20.559999465942383,20.559999465942383,20.559999465942383,20.559999465942383,20.559999465942383,26086
2026-04-23 12:30:00,20.600000381469727,20.76000022888184,20.43000030517578,20.5,20.5,5495135
2026-04-23 13:30:00,20.5,21.190000534057617,20.39999961853028,20.770000457763672,20.770000457763672,12229396
2026-04-23 14:30:00,20.770000457763672,20.88999938964844,20.690000534057617,20.700000762939453,20.700000762939453,5868872
2026-04-24 09:30:00,20.479999542236328,21.290000915527344,20.459999084472656,20.780000686645508,20.780000686645508,0
2026-04-24 10:30:00,20.780000686645508,20.989999771118164,20.56999969482422,20.61000061035156,20.61000061035156,11591392
2026-04-24 11:30:00,20.600000381469727,20.600000381469727,20.600000381469727,20.600000381469727,20.600000381469727,1970
2026-04-24 12:30:00,20.61000061035156,20.790000915527344,20.479999542236328,20.65999984741211,20.65999984741211,6362569
2026-04-24 13:30:00,20.670000076293945,20.979999542236328,20.6200008392334,20.8700008392334,20.8700008392334,10009875
2026-04-24 14:30:00,20.89999961853028,20.90999984741211,20.71999931335449,20.780000686645508,20.780000686645508,5597043
2026-04-27 09:30:00,21.299999237060547,21.86000061035156,20.940000534057617,21.059999465942383,21.059999465942383,0
2026-04-27 10:30:00,21.06999969482422,21.14999961853028,20.89999961853028,21.020000457763672,21.020000457763672,12162201
2026-04-27 12:30:00,21.049999237060547,21.1299991607666,20.82999992370605,21.1299991607666,21.1299991607666,6847477
2026-04-27 13:30:00,21.1299991607666,21.239999771118164,20.93000030517578,21.0,21.0,8690056
2026-04-27 14:30:00,21.0,21.1200008392334,20.959999084472656,21.09000015258789,21.09000015258789,6771883
2026-04-28 09:30:00,20.979999542236328,21.1200008392334,20.520000457763672,20.770000457763672,20.770000457763672,0
2026-04-28 10:30:00,20.770000457763672,21.07999992370605,20.63999938964844,20.799999237060547,20.799999237060547,9260245
2026-04-28 12:30:00,20.790000915527344,20.799999237060547,20.600000381469727,20.6200008392334,20.6200008392334,3502812
2026-04-28 13:30:00,20.6299991607666,20.729999542236328,20.459999084472656,20.57999992370605,20.57999992370605,9508081
2026-04-28 14:30:00,20.59000015258789,20.700000762939453,20.57999992370605,20.57999992370605,20.57999992370605,5133391
2026-04-29 09:30:00,20.479999542236328,20.5,19.8700008392334,20.11000061035156,20.11000061035156,26526291
2026-04-29 10:30:00,20.11000061035156,20.239999771118164,20.09000015258789,20.15999984741211,20.15999984741211,7962982
2026-04-29 12:30:00,20.170000076293945,20.18000030517578,20.06999969482422,20.15999984741211,20.15999984741211,3820645
2026-04-29 13:30:00,20.170000076293945,20.239999771118164,20.07999992370605,20.13999938964844,20.13999938964844,8918601
2026-04-29 14:30:00,20.13999938964844,20.15999984741211,20.020000457763672,20.09000015258789,20.09000015258789,7288454
2026-04-30 09:30:00,19.51000022888184,20.39999961853028,19.51000022888184,20.21999931335449,20.21999931335449,0
2026-04-30 10:30:00,20.209999084472656,20.31999969482422,20.09000015258789,20.209999084472656,20.209999084472656,10374176
2026-04-30 11:30:00,20.21999931335449,20.21999931335449,20.21999931335449,20.21999931335449,20.21999931335449,1300
2026-04-30 12:30:00,20.239999771118164,20.600000381469727,20.059999465942383,20.43000030517578,20.43000030517578,11194065
2026-04-30 13:30:00,20.40999984741211,20.790000915527344,20.290000915527344,20.700000762939453,20.700000762939453,16696950
2026-04-30 14:30:00,20.709999084472656,20.799999237060547,20.6200008392334,20.65999984741211,20.65999984741211,7035246
2026-05-06 09:30:00,21.420000076293945,22.200000762939453,21.09000015258789,21.780000686645508,21.780000686645508,0
2026-05-06 10:30:00,21.790000915527344,21.89999961853028,21.46999931335449,21.59000015258789,21.59000015258789,15179808
2026-05-06 12:30:00,21.61000061035156,23.200000762939453,21.61000061035156,22.989999771118164,22.989999771118164,32336052
2026-05-06 13:30:00,23.0,23.040000915527344,22.31999969482422,22.459999084472656,22.459999084472656,20940243
2026-05-06 14:30:00,22.459999084472656,22.5,22.309999465942383,22.31999969482422,22.31999969482422,9987565
2026-05-07 09:30:00,21.89999961853028,22.07999992370605,21.709999084472656,21.940000534057617,21.940000534057617,36351927
2026-05-07 10:30:00,21.93000030517578,22.520000457763672,21.90999984741211,22.309999465942383,22.309999465942383,17724382
2026-05-07 11:30:00,22.299999237060547,22.299999237060547,22.299999237060547,22.299999237060547,22.299999237060547,3700
2026-05-07 12:30:00,22.31999969482422,22.84000015258789,22.26000022888184,22.59000015258789,22.59000015258789,11824657
2026-05-07 13:30:00,22.59000015258789,22.71999931335449,22.32999992370605,22.56999969482422,22.56999969482422,11358135
2026-05-07 14:30:00,22.57999992370605,22.65999984741211,22.489999771118164,22.530000686645508,22.530000686645508,7325262
2026-05-08 09:30:00,22.36000061035156,23.18000030517578,21.90999984741211,22.780000686645508,22.780000686645508,0
2026-05-08 10:30:00,22.770000457763672,22.989999771118164,22.5,22.61000061035156,22.61000061035156,14706720
2026-05-08 11:30:00,22.61000061035156,22.61000061035156,22.61000061035156,22.61000061035156,22.61000061035156,3952
2026-05-08 12:30:00,22.61000061035156,23.5,22.549999237060547,23.489999771118164,23.489999771118164,24329876
2026-05-08 13:30:00,23.5,23.549999237060547,23.01000022888184,23.100000381469727,23.100000381469727,14805438
2026-05-08 14:30:00,23.100000381469727,23.100000381469727,22.96999931335449,22.989999771118164,22.989999771118164,6967821
2026-05-11 09:30:00,24.200000762939453,24.34000015258789,23.030000686645508,24.0,24.0,0
2026-05-11 10:30:00,24.0,25.06999969482422,23.979999542236328,24.96999931335449,24.96999931335449,43609995
2026-05-11 11:30:00,24.959999084472656,24.959999084472656,24.959999084472656,24.959999084472656,24.959999084472656,5200
2026-05-11 12:30:00,24.950000762939453,24.950000762939453,24.25,24.25,24.25,13257924
2026-05-11 13:30:00,24.200000762939453,24.559999465942383,24.200000762939453,24.309999465942383,24.309999465942383,16338555
2026-05-11 14:30:00,24.299999237060547,24.31999969482422,24.100000381469727,24.190000534057617,24.190000534057617,9995767
2026-05-12 09:30:00,24.21999931335449,25.8799991607666,23.770000457763672,25.65999984741211,25.65999984741211,0
2026-05-12 10:30:00,25.700000762939453,26.81999969482422,25.57999992370605,25.64999961853028,25.64999961853028,52093950
2026-05-12 11:30:00,25.670000076293945,25.670000076293945,25.670000076293945,25.670000076293945,25.670000076293945,5441
2026-05-12 12:30:00,25.68000030517578,25.68000030517578,25.11000061035156,25.239999771118164,25.239999771118164,13603485
2026-05-12 13:30:00,25.21999931335449,25.3799991607666,25.0,25.07999992370605,25.07999992370605,17951024
2026-05-12 14:30:00,25.09000015258789,25.299999237060547,25.020000457763672,25.26000022888184,25.26000022888184,12947274
2026-05-13 09:30:00,24.700000762939453,25.809999465942383,24.3799991607666,25.38999938964844,25.38999938964844,62758193
2026-05-13 10:30:00,25.38999938964844,25.530000686645508,25.049999237060547,25.209999084472656,25.209999084472656,15816841
2026-05-13 12:30:00,25.21999931335449,25.84000015258789,25.21999931335449,25.46999931335449,25.46999931335449,17664237
2026-05-13 13:30:00,25.479999542236328,26.0,25.280000686645508,25.57999992370605,25.57999992370605,29391062
2026-05-13 14:30:00,25.549999237060547,25.65999984741211,25.440000534057617,25.540000915527344,25.540000915527344,13120139
2026-05-14 09:30:00,26.0,26.06999969482422,25.229999542236328,25.8799991607666,25.8799991607666,56147894
2026-05-14 10:30:00,25.920000076293945,26.200000762939453,25.239999771118164,25.64999961853028,25.64999961853028,29756795
2026-05-14 11:30:00,25.64999961853028,25.64999961853028,25.64999961853028,25.64999961853028,25.64999961853028,19150
2026-05-14 12:30:00,25.64999961853028,25.75,25.3700008392334,25.520000457763672,25.520000457763672,9744654
2026-05-14 13:30:00,25.540000915527344,25.700000762939453,25.1299991607666,25.450000762939453,25.450000762939453,17766835
2026-05-14 14:30:00,25.450000762939453,25.5,24.96999931335449,24.96999931335449,24.96999931335449,16505573
2026-05-15 09:30:00,25.76000022888184,26.350000381469727,24.1200008392334,24.57999992370605,24.57999992370605,72866217
2026-05-15 10:30:00,24.57999992370605,25.540000915527344,24.15999984741211,25.0,25.0,30360829
2026-05-15 11:30:00,25.0,25.0,25.0,25.0,25.0,213
2026-05-15 12:30:00,24.989999771118164,25.0,24.31999969482422,24.5,24.5,9701022
2026-05-15 13:30:00,24.489999771118164,24.5,23.959999084472656,23.979999542236328,23.979999542236328,21959483
2026-05-15 14:30:00,23.989999771118164,24.190000534057617,23.81999969482422,24.11000061035156,24.11000061035156,16782370
2026-05-18 09:30:00,24.39999961853028,25.43000030517578,23.770000457763672,24.43000030517578,24.43000030517578,0
2026-05-18 10:30:00,24.39999961853028,25.690000534057617,24.39999961853028,24.799999237060547,24.799999237060547,27466004
2026-05-18 11:30:00,24.790000915527344,24.790000915527344,24.790000915527344,24.790000915527344,24.790000915527344,54200
2026-05-18 12:30:00,24.88999938964844,24.88999938964844,24.5,24.59000015258789,24.59000015258789,8991783
2026-05-18 13:30:00,24.600000381469727,24.84000015258789,24.34000015258789,24.520000457763672,24.520000457763672,14400153
2026-05-18 14:30:00,24.06999969482422,24.6200008392334,24.06999969482422,24.600000381469727,24.600000381469727,8797399
2026-05-19 09:30:00,24.39999961853028,26.940000534057617,23.96999931335449,26.420000076293945,26.420000076293945,109208708
2026-05-19 10:30:00,26.40999984741211,27.13999938964844,26.36000061035156,26.75,26.75,43444585
2026-05-19 11:30:00,26.76000022888184,26.76000022888184,26.76000022888184,26.76000022888184,26.76000022888184,4623
2026-05-19 12:30:00,26.84000015258789,27.1200008392334,26.479999542236328,26.57999992370605,26.57999992370605,14609355
2026-05-19 13:30:00,26.56999969482422,29.520000457763672,26.3700008392334,29.520000457763672,29.520000457763672,73193900
2026-05-19 14:30:00,29.520000457763672,29.520000457763672,29.520000457763672,29.520000457763672,29.520000457763672,18769209
2026-05-20 09:30:00,28.88999938964844,29.690000534057617,28.63999938964844,29.61000061035156,29.61000061035156,147718775
2026-05-20 10:30:00,29.6200008392334,29.64999961853028,28.65999984741211,28.950000762939453,28.950000762939453,29295813
2026-05-20 11:30:00,28.950000762939453,28.950000762939453,28.950000762939453,28.950000762939453,28.950000762939453,5666
2026-05-20 12:30:00,28.940000534057617,29.540000915527344,28.780000686645508,29.059999465942383,29.059999465942383,13954501
2026-05-20 13:30:00,29.040000915527344,29.3799991607666,28.93000030517578,29.0,29.0,19646137
2026-05-20 14:30:00,29.0,29.39999961853028,28.979999542236328,29.39999961853028,29.39999961853028,20463374
2026-05-21 09:30:00,30.040000915527344,31.600000381469727,29.809999465942383,30.299999237060547,30.299999237060547,0
2026-05-21 10:30:00,30.280000686645508,30.3799991607666,29.01000022888184,29.020000457763672,29.020000457763672,46782473
2026-05-21 11:30:00,29.01000022888184,29.01000022888184,29.01000022888184,29.01000022888184,29.01000022888184,14784
2026-05-21 12:30:00,29.07999992370605,29.15999984741211,28.75,28.790000915527344,28.790000915527344,16744359
2026-05-21 13:30:00,28.799999237060547,28.950000762939453,27.979999542236328,28.14999961853028,28.14999961853028,39163961
2026-05-21 14:30:00,28.1200008392334,28.36000061035156,27.65999984741211,27.799999237060547,27.799999237060547,25533184
2026-05-22 09:30:00,28.270000457763672,28.450000762939453,26.64999961853028,26.89999961853028,26.89999961853028,0
2026-05-22 10:30:00,26.8799991607666,27.200000762939453,26.420000076293945,27.0,27.0,37803403
2026-05-22 12:30:00,27.030000686645508,28.39999961853028,27.030000686645508,28.309999465942383,28.309999465942383,24977159
2026-05-22 13:30:00,28.31999969482422,28.39999961853028,27.739999771118164,28.020000457763672,28.020000457763672,34550485
2026-05-22 14:30:00,28.01000022888184,28.06999969482422,27.61000061035156,27.790000915527344,27.790000915527344,18131931
2026-05-25 09:30:00,27.799999237060547,27.799999237060547,26.489999771118164,27.36000061035156,27.36000061035156,0
2026-05-25 10:30:00,27.36000061035156,28.270000457763672,27.09000015258789,28.18000030517578,28.18000030517578,39994175
2026-05-25 11:30:00,28.15999984741211,28.15999984741211,28.15999984741211,28.15999984741211,28.15999984741211,44407
2026-05-25 12:30:00,28.200000762939453,29.82999992370605,28.200000762939453,29.049999237060547,29.049999237060547,53804754
2026-05-25 13:30:00,29.030000686645508,29.06999969482422,28.40999984741211,29.0,29.0,29625413
2026-05-25 14:30:00,29.0,29.270000457763672,28.850000381469727,29.049999237060547,29.049999237060547,16317269
2026-05-26 09:30:00,28.799999237060547,28.89999961853028,27.15999984741211,27.299999237060547,27.299999237060547,83442149
2026-05-26 10:30:00,27.309999465942383,27.530000686645508,26.850000381469727,26.8799991607666,26.8799991607666,27533008
2026-05-26 11:30:00,26.8700008392334,26.8700008392334,26.8700008392334,26.8700008392334,26.8700008392334,73820
2026-05-26 12:30:00,26.86000061035156,27.40999984741211,26.780000686645508,27.01000022888184,27.01000022888184,13247527
2026-05-26 13:30:00,27.030000686645508,27.15999984741211,26.5,26.799999237060547,26.799999237060547,25549934
2026-05-26 14:30:00,26.780000686645508,27.280000686645508,26.780000686645508,26.96999931335449,26.96999931335449,21339504
2026-05-27 09:30:00,27.049999237060547,27.64999961853028,26.18000030517578,27.01000022888184,27.01000022888184,63505142
2026-05-27 10:30:00,27.01000022888184,27.32999992370605,26.420000076293945,26.729999542236328,26.729999542236328,24155320
2026-05-27 11:30:00,26.729999542236328,26.729999542236328,26.729999542236328,26.729999542236328,26.729999542236328,5422
2026-05-27 12:30:00,26.709999084472656,28.13999938964844,26.709999084472656,27.75,27.75,36379154
2026-05-27 13:30:00,27.75,28.799999237060547,27.01000022888184,28.6299991607666,28.6299991607666,49062588
2026-05-27 14:30:00,28.6299991607666,28.950000762939453,27.90999984741211,28.049999237060547,28.049999237060547,25610424
2026-05-28 09:30:00,27.280000686645508,30.86000061035156,27.280000686645508,29.920000076293945,29.920000076293945,140940971
2026-05-28 10:30:00,29.950000762939453,31.0,29.809999465942383,31.0,31.0,37757064
2026-05-28 11:30:00,31.0,31.0,31.0,31.0,31.0,3100
2026-05-28 12:30:00,31.0,31.520000457763672,30.309999465942383,31.32999992370605,31.32999992370605,24514382
2026-05-28 13:30:00,31.309999465942383,31.600000381469727,30.31999969482422,30.799999237060547,30.799999237060547,30393230
2026-05-28 14:30:00,30.799999237060547,30.950000762939453,30.32999992370605,30.61000061035156,30.61000061035156,16453121
2026-05-29 09:30:00,31.18000030517578,31.450000762939453,27.989999771118164,28.36000061035156,28.36000061035156,127745043
2026-05-29 10:30:00,28.309999465942383,28.979999542236328,28.13999938964844,28.290000915527344,28.290000915527344,26231633
2026-05-29 12:30:00,28.32999992370605,28.709999084472656,28.01000022888184,28.21999931335449,28.21999931335449,10125976
2026-05-29 13:30:00,28.209999084472656,28.299999237060547,27.299999237060547,27.479999542236328,27.479999542236328,28944793
2026-05-29 14:30:00,27.520000457763672,27.709999084472656,27.100000381469727,27.700000762939453,27.700000762939453,21632620
2026-06-01 09:30:00,27.06999969482422,27.31999969482422,25.46999931335449,26.600000381469727,26.600000381469727,82070362
2026-06-01 10:30:00,26.600000381469727,26.8799991607666,25.8799991607666,26.38999938964844,26.38999938964844,24909289
2026-06-01 11:30:00,26.420000076293945,26.420000076293945,26.420000076293945,26.420000076293945,26.420000076293945,10875
2026-06-01 12:30:00,26.40999984741211,26.88999938964844,26.18000030517578,26.200000762939453,26.200000762939453,8691498
2026-06-01 13:30:00,26.200000762939453,26.32999992370605,25.86000061035156,25.96999931335449,25.96999931335449,16073815
2026-06-01 14:30:00,26.01000022888184,26.14999961853028,25.770000457763672,25.88999938964844,25.88999938964844,17538533
2026-06-02 09:30:00,25.979999542236328,26.21999931335449,24.68000030517578,24.88999938964844,24.88999938964844,0
2026-06-02 10:30:00,24.96999931335449,25.299999237060547,24.65999984741211,24.700000762939453,24.700000762939453,26646241
2026-06-02 11:30:00,24.670000076293945,24.670000076293945,24.670000076293945,24.670000076293945,24.670000076293945,18837
2026-06-02 12:30:00,24.690000534057617,25.34000015258789,24.690000534057617,25.25,25.25,12581033
2026-06-02 13:30:00,25.26000022888184,25.420000076293945,24.6299991607666,24.86000061035156,24.86000061035156,20137665
2026-06-02 14:30:00,24.86000061035156,24.8799991607666,24.65999984741211,24.709999084472656,24.709999084472656,14949530
2026-06-03 09:30:00,24.989999771118164,26.920000076293945,24.989999771118164,26.489999771118164,26.489999771118164,86338158
2026-06-03 10:30:00,26.5,26.549999237060547,25.950000762939453,26.09000015258789,26.09000015258789,23994998
2026-06-03 12:30:00,26.11000061035156,26.239999771118164,25.65999984741211,25.739999771118164,25.739999771118164,14639036
2026-06-03 13:30:00,25.729999542236328,25.76000022888184,24.8700008392334,24.90999984741211,24.90999984741211,25835209
2026-06-03 14:30:00,24.93000030517578,25.299999237060547,24.780000686645508,25.280000686645508,25.280000686645508,15818756
2026-06-04 09:30:00,24.709999084472656,27.979999542236328,24.65999984741211,27.65999984741211,27.65999984741211,101497869
2026-06-04 10:30:00,27.63999938964844,29.15999984741211,27.309999465942383,28.739999771118164,28.739999771118164,64330178
2026-06-04 11:30:00,28.739999771118164,28.739999771118164,28.739999771118164,28.739999771118164,28.739999771118164,1544
2026-06-04 12:30:00,28.75,30.0,28.75,29.6200008392334,29.6200008392334,28229842
2026-06-04 13:30:00,29.61000061035156,29.6299991607666,29.059999465942383,29.31999969482422,29.31999969482422,27347164
2026-06-04 14:30:00,29.31999969482422,29.350000381469727,28.920000076293945,28.920000076293945,28.920000076293945,23766719
2026-06-05 09:30:00,28.43000030517578,29.6200008392334,27.709999084472656,29.229999542236328,29.229999542236328,0
2026-06-05 10:30:00,29.239999771118164,29.5,28.600000381469727,29.3700008392334,29.3700008392334,30510425
2026-06-05 11:30:00,29.3700008392334,29.3700008392334,29.3700008392334,29.3700008392334,29.3700008392334,200
2026-06-05 12:30:00,29.3700008392334,29.39999961853028,28.3700008392334,28.40999984741211,28.40999984741211,15026575
2026-06-05 13:30:00,28.440000534057617,28.670000076293945,28.170000076293945,28.229999542236328,28.229999542236328,21419932
2026-06-05 14:30:00,28.25,28.75,28.100000381469727,28.489999771118164,28.489999771118164,21429414
2026-06-08 09:30:00,26.89999961853028,28.729999542236328,26.56999969482422,28.13999938964844,28.13999938964844,0
2026-06-08 10:30:00,28.1299991607666,28.36000061035156,27.1200008392334,27.170000076293945,27.170000076293945,23412360
2026-06-08 11:30:00,27.170000076293945,27.170000076293945,27.170000076293945,27.170000076293945,27.170000076293945,679
2026-06-08 12:30:00,27.170000076293945,27.36000061035156,26.790000915527344,26.790000915527344,26.790000915527344,13269842
2026-06-08 13:30:00,26.790000915527344,26.90999984741211,26.25,26.84000015258789,26.84000015258789,32591699
2026-06-08 14:30:00,26.84000015258789,26.8700008392334,26.299999237060547,26.36000061035156,26.36000061035156,14551504
2026-06-09 09:30:00,27.299999237060547,29.09000015258789,27.299999237060547,28.920000076293945,28.920000076293945,0
2026-06-09 10:30:00,28.979999542236328,31.729999542236328,28.979999542236328,31.729999542236328,31.729999542236328,118758941
2026-06-09 11:30:00,31.729999542236328,31.729999542236328,31.729999542236328,31.729999542236328,31.729999542236328,21279
2026-06-09 12:30:00,31.729999542236328,31.729999542236328,31.729999542236328,31.729999542236328,31.729999542236328,5728315
2026-06-09 13:30:00,31.729999542236328,31.729999542236328,31.729999542236328,31.729999542236328,31.729999542236328,5720953
2026-06-09 14:30:00,31.729999542236328,31.729999542236328,26.440000534057617,31.729999542236328,31.729999542236328,870219
2026-06-10 09:30:00,32.47999954223633,34.5099983215332,32.439998626708984,33.43000030517578,33.43000030517578,0
2026-06-10 10:30:00,33.4900016784668,33.900001525878906,32.939998626708984,32.970001220703125,32.970001220703125,37353811
2026-06-10 11:30:00,32.95000076293945,32.95000076293945,32.95000076293945,32.95000076293945,32.95000076293945,3554
2026-06-10 12:30:00,32.970001220703125,32.970001220703125,32.27000045776367,32.38999938964844,32.38999938964844,27847033
2026-06-10 13:30:00,32.38999938964844,32.70000076293945,31.799999237060547,32.349998474121094,32.349998474121094,42583203
2026-06-10 14:30:00,32.38999938964844,32.68000030517578,32.209999084472656,32.61000061035156,32.61000061035156,18554687
2026-06-11 09:30:00,32.36000061035156,33.68000030517578,31.61000061035156,32.25,32.25,0
2026-06-11 10:30:00,32.25,32.65999984741211,31.36000061035156,31.479999542236328,31.479999542236328,35397094
2026-06-11 11:30:00,31.479999542236328,31.479999542236328,31.479999542236328,31.479999542236328,31.479999542236328,3547
2026-06-11 12:30:00,31.51000022888184,31.920000076293945,31.06999969482422,31.76000022888184,31.76000022888184,18561297
2026-06-11 13:30:00,31.739999771118164,32.4900016784668,31.489999771118164,31.729999542236328,31.729999542236328,29970460
2026-06-11 14:30:00,31.739999771118164,32.439998626708984,31.64999961853028,32.41999816894531,32.41999816894531,21328348
2026-06-12 09:30:00,34.20000076293945,35.70000076293945,30.38999938964844,30.600000381469727,30.600000381469727,0
2026-06-12 10:30:00,30.549999237060547,31.1200008392334,30.01000022888184,30.020000457763672,30.020000457763672,48676863
2026-06-12 11:30:00,30.030000686645508,30.030000686645508,30.030000686645508,30.030000686645508,30.030000686645508,6101
2026-06-12 12:30:00,30.020000457763672,30.030000686645508,29.3700008392334,29.64999961853028,29.64999961853028,29370669
2026-06-12 13:30:00,29.64999961853028,29.780000686645508,29.06999969482422,29.1200008392334,29.1200008392334,38531432
2026-06-12 14:30:00,29.11000061035156,29.25,28.88999938964844,29.0,29.0,28869254
2026-06-15 09:30:00,29.290000915527344,30.690000534057617,27.81999969482422,30.21999931335449,30.21999931335449,0
2026-06-15 10:30:00,30.21999931335449,30.64999961853028,29.76000022888184,30.520000457763672,30.520000457763672,30856076
2026-06-15 11:30:00,30.520000457763672,30.520000457763672,30.520000457763672,30.520000457763672,30.520000457763672,13456
2026-06-15 12:30:00,30.89999961853028,32.38999938964844,30.739999771118164,31.459999084472656,31.459999084472656,46439951
2026-06-15 13:30:00,31.46999931335449,31.75,30.75,31.059999465942383,31.059999465942383,26038614
2026-06-15 14:30:00,31.020000457763672,31.290000915527344,30.950000762939453,31.229999542236328,31.229999542236328,18906011
2026-06-16 09:30:00,31.1299991607666,32.25,30.690000534057617,31.5,31.5,95180209
2026-06-16 10:30:00,31.440000534057617,32.099998474121094,31.1200008392334,31.26000022888184,31.26000022888184,27167748
2026-06-16 11:30:00,31.26000022888184,31.26000022888184,31.26000022888184,31.26000022888184,31.26000022888184,2555
2026-06-16 12:30:00,31.309999465942383,31.38999938964844,30.43000030517578,30.81999969482422,30.81999969482422,31697977
2026-06-16 13:30:00,30.84000015258789,31.61000061035156,30.540000915527344,31.229999542236328,31.229999542236328,33981554
2026-06-16 14:30:00,31.280000686645508,31.36000061035156,30.88999938964844,31.049999237060547,31.049999237060547,15250199
2026-06-17 09:30:00,30.0,30.920000076293945,29.89999961853028,30.32999992370605,30.32999992370605,0
2026-06-17 10:30:00,30.309999465942383,32.65999984741211,30.309999465942383,32.63999938964844,32.63999938964844,87336028
2026-06-17 11:30:00,32.63999938964844,32.63999938964844,32.63999938964844,32.63999938964844,32.63999938964844,53606
2026-06-17 12:30:00,32.65999984741211,33.16999816894531,31.979999542236328,32.439998626708984,32.439998626708984,33461518
2026-06-17 13:30:00,32.43000030517578,32.849998474121094,31.770000457763672,32.189998626708984,32.189998626708984,30931962
2026-06-17 14:30:00,32.099998474121094,32.47999954223633,32.099998474121094,32.38999938964844,32.38999938964844,17338470
2026-06-18 09:30:00,32.29999923706055,33.040000915527344,31.809999465942383,32.189998626708984,32.189998626708984,91530356
2026-06-18 10:30:00,32.189998626708984,32.77000045776367,31.89999961853028,32.209999084472656,32.209999084472656,33823177
2026-06-18 11:30:00,32.220001220703125,32.220001220703125,32.220001220703125,32.220001220703125,32.220001220703125,9281
2026-06-18 12:30:00,32.220001220703125,32.5099983215332,31.920000076293945,32.400001525878906,32.400001525878906,17295573
2026-06-18 13:30:00,32.400001525878906,32.83000183105469,32.20000076293945,32.36000061035156,32.36000061035156,33808251
2026-06-18 14:30:00,32.36000061035156,32.4900016784668,32.029998779296875,32.2400016784668,32.2400016784668,19613948
2026-06-22 09:30:00,33.349998474121094,34.18000030517578,32.560001373291016,33.08000183105469,33.08000183105469,0
2026-06-22 10:30:00,33.11000061035156,33.470001220703125,32.18000030517578,32.75,32.75,46324648
2026-06-22 11:30:00,32.790000915527344,32.790000915527344,32.790000915527344,32.790000915527344,32.790000915527344,39024
2026-06-22 12:30:00,32.79999923706055,33.70000076293945,32.56999969482422,32.72999954223633,32.72999954223633,18969792
2026-06-22 13:30:00,32.75,34.189998626708984,32.68000030517578,33.56999969482422,33.56999969482422,44408882
2026-06-22 14:30:00,33.56999969482422,33.90999984741211,33.43000030517578,33.88999938964844,33.88999938964844,19199679
2026-06-23 09:30:00,33.04999923706055,33.63999938964844,31.25,32.400001525878906,32.400001525878906,0
2026-06-23 10:30:00,32.43000030517578,32.900001525878906,31.809999465942383,32.09000015258789,32.09000015258789,27437536
2026-06-23 11:30:00,32.09000015258789,32.09000015258789,32.09000015258789,32.09000015258789,32.09000015258789,21643
2026-06-23 12:30:00,32.09000015258789,32.099998474121094,31.700000762939453,31.799999237060547,31.799999237060547,11141833
2026-06-23 13:30:00,31.799999237060547,32.29999923706055,31.51000022888184,31.520000457763672,31.520000457763672,21880004
2026-06-23 14:30:00,31.530000686645508,32.25,31.530000686645508,32.22999954223633,32.22999954223633,15585086
2026-06-24 09:30:00,31.5,32.63999938964844,30.459999084472656,32.45000076293945,32.45000076293945,0
2026-06-24 10:30:00,32.45000076293945,32.61000061035156,31.049999237060547,31.729999542236328,31.729999542236328,29192295
2026-06-24 11:30:00,31.780000686645508,31.780000686645508,31.780000686645508,31.780000686645508,31.780000686645508,11455
2026-06-24 12:30:00,31.76000022888184,32.7400016784668,31.76000022888184,32.47999954223633,32.47999954223633,20426129
2026-06-24 13:30:00,32.45000076293945,32.91999816894531,32.16999816894531,32.81999969482422,32.81999969482422,33057816
2026-06-24 14:30:00,32.83000183105469,32.95000076293945,32.45000076293945,32.560001373291016,32.560001373291016,17160783
2026-06-25 09:30:00,32.81999969482422,33.7599983215332,31.799999237060547,33.470001220703125,33.470001220703125,95060733
2026-06-25 10:30:00,33.45000076293945,34.130001068115234,32.599998474121094,33.45000076293945,33.45000076293945,46487695
2026-06-25 11:30:00,33.45000076293945,33.45000076293945,33.45000076293945,33.45000076293945,33.45000076293945,1027
2026-06-25 12:30:00,33.470001220703125,33.56999969482422,33.0,33.20000076293945,33.20000076293945,15611507
2026-06-25 13:30:00,33.20000076293945,33.689998626708984,32.79999923706055,32.970001220703125,32.970001220703125,30286095
2026-06-25 14:30:00,32.970001220703125,33.33000183105469,32.79999923706055,33.29999923706055,33.29999923706055,18502786
2026-06-26 09:30:00,33.79999923706055,35.880001068115234,33.709999084472656,33.709999084472656,33.709999084472656,0
2026-06-26 10:30:00,33.709999084472656,34.33000183105469,32.36000061035156,34.33000183105469,34.33000183105469,40334495
2026-06-26 11:30:00,34.31999969482422,34.31999969482422,34.31999969482422,34.31999969482422,34.31999969482422,8994
2026-06-26 12:30:00,34.369998931884766,36.040000915527344,34.130001068115234,35.400001525878906,35.400001525878906,45658933
2026-06-26 13:30:00,35.40999984741211,35.97999954223633,35.04999923706055,35.130001068115234,35.130001068115234,30163678
2026-06-26 14:30:00,35.11000061035156,35.279998779296875,34.689998626708984,34.849998474121094,34.849998474121094,19859816
2026-06-29 09:30:00,36.18999862670898,39.97999954223633,35.66999816894531,36.650001525878906,36.650001525878906,0
2026-06-29 10:30:00,36.65999984741211,37.77000045776367,35.810001373291016,37.400001525878906,37.400001525878906,35111567
2026-06-29 11:30:00,37.380001068115234,37.380001068115234,37.380001068115234,37.380001068115234,37.380001068115234,5000
2026-06-29 12:30:00,37.380001068115234,38.150001525878906,36.86000061035156,38.0,38.0,12846129
2026-06-29 13:30:00,38.0,38.869998931884766,37.83000183105469,38.59000015258789,38.59000015258789,34369160
2026-06-29 14:30:00,38.630001068115234,39.560001373291016,38.619998931884766,38.93000030517578,38.93000030517578,26976654
2026-06-30 09:30:00,38.869998931884766,40.59000015258789,38.02000045776367,39.59999847412109,39.59999847412109,0
2026-06-30 10:30:00,39.619998931884766,39.790000915527344,38.56999969482422,39.36000061035156,39.36000061035156,34770770
2026-06-30 11:30:00,39.36000061035156,39.36000061035156,39.36000061035156,39.36000061035156,39.36000061035156,300
2026-06-30 12:30:00,39.40999984741211,39.560001373291016,38.66999816894531,39.5,39.5,20403399
2026-06-30 13:30:00,39.52000045776367,40.20000076293945,39.09000015258789,39.47999954223633,39.47999954223633,34176443
2026-06-30 14:30:00,39.45000076293945,40.0,39.45000076293945,39.880001068115234,39.880001068115234,17141034
2026-07-01 09:30:00,39.38999938964844,43.84999847412109,39.09999847412109,42.08000183105469,42.08000183105469,117610408
2026-07-01 10:30:00,42.11000061035156,42.95000076293945,40.650001525878906,42.040000915527344,42.040000915527344,46038800
2026-07-01 11:30:00,42.06999969482422,42.06999969482422,42.06999969482422,42.06999969482422,42.06999969482422,1906
2026-07-01 12:30:00,42.09999847412109,42.27000045776367,40.5,41.04999923706055,41.04999923706055,19236510
2026-07-01 13:30:00,41.02999877929688,41.56999969482422,40.58000183105469,40.970001220703125,40.970001220703125,27333017
2026-07-01 14:30:00,41.0,41.09999847412109,40.02000045776367,41.060001373291016,41.060001373291016,21872555
2026-07-02 09:30:00,38.47999954223633,40.31999969482422,34.0,38.81999969482422,38.81999969482422,0
2026-07-02 10:30:00,38.869998931884766,40.20000076293945,38.86000061035156,39.119998931884766,39.119998931884766,24746361
2026-07-02 11:30:00,39.119998931884766,39.119998931884766,39.119998931884766,39.119998931884766,39.119998931884766,4371
2026-07-02 12:30:00,39.11000061035156,39.650001525878906,38.720001220703125,38.77000045776367,38.77000045776367,12876375
2026-07-02 13:30:00,38.77999877929688,39.0,37.70000076293945,37.79999923706055,37.79999923706055,31345835
2026-07-02 14:30:00,37.77999877929688,38.29999923706055,37.34999847412109,37.45000076293945,37.45000076293945,24206688
2026-07-03 09:30:00,37.68999862670898,38.04999923706055,35.15999984741211,35.61000061035156,35.61000061035156,98071564
2026-07-03 10:30:00,35.63999938964844,36.93999862670898,35.56999969482422,35.900001525878906,35.900001525878906,30025710
2026-07-03 12:30:00,36.0,36.86000061035156,35.349998474121094,35.5,35.5,18670995
2026-07-03 13:30:00,35.47999954223633,36.02999877929688,34.900001525878906,34.90999984741211,34.90999984741211,28075635
2026-07-03 14:30:00,34.900001525878906,35.040000915527344,34.54999923706055,34.56999969482422,34.56999969482422,20893145
2026-07-06 09:30:00,35.029998779296875,35.63999938964844,33.79999923706055,33.79999923706055,33.79999923706055,0
2026-07-06 10:30:00,33.79999923706055,35.29999923706055,32.720001220703125,35.290000915527344,35.290000915527344,45227929
2026-07-06 11:30:00,35.27000045776367,35.27000045776367,35.27000045776367,35.27000045776367,35.27000045776367,220
2026-07-06 12:30:00,35.34000015258789,35.369998931884766,34.22999954223633,34.529998779296875,34.529998779296875,11344548
2026-07-06 13:30:00,34.5099983215332,35.5,34.290000915527344,34.70000076293945,34.70000076293945,19390881
2026-07-06 14:30:00,34.70000076293945,34.95000076293945,34.619998931884766,34.630001068115234,34.630001068115234,8983239
2026-07-07 09:30:00,34.0,37.68000030517578,33.970001220703125,37.04999923706055,37.04999923706055,0
2026-07-07 10:30:00,37.02999877929688,37.630001068115234,36.68000030517578,37.16999816894531,37.16999816894531,28047990
2026-07-07 11:30:00,37.15999984741211,37.15999984741211,37.15999984741211,37.15999984741211,37.15999984741211,4752
2026-07-07 12:30:00,37.0,37.119998931884766,35.93000030517578,36.33000183105469,36.33000183105469,19769554
2026-07-07 13:30:00,36.34000015258789,37.08000183105469,36.15999984741211,36.4900016784668,36.4900016784668,21036516
2026-07-07 14:30:00,36.4900016784668,36.5,36.09999847412109,36.290000915527344,36.290000915527344,12279811
2026-07-08 09:30:00,35.349998474121094,35.70000076293945,30.89999961853028,31.959999084472656,31.959999084472656,0
2026-07-08 10:30:00,31.979999542236328,33.9900016784668,31.979999542236328,33.470001220703125,33.470001220703125,35899636
2026-07-08 11:30:00,33.470001220703125,33.470001220703125,33.470001220703125,33.470001220703125,33.470001220703125,18963
2026-07-08 12:30:00,33.470001220703125,33.689998626708984,32.70000076293945,33.22999954223633,33.22999954223633,11789868
2026-07-08 13:30:00,33.25,33.45000076293945,32.79999923706055,33.18000030517578,33.18000030517578,19423501
2026-07-08 14:30:00,33.189998626708984,33.279998779296875,32.400001525878906,32.560001373291016,32.560001373291016,18695772
2026-07-09 09:30:00,33.290000915527344,35.18000030517578,33.0099983215332,34.720001220703125,34.720001220703125,94197061
2026-07-09 10:30:00,34.77000045776367,34.869998931884766,34.029998779296875,34.58000183105469,34.58000183105469,27541454
2026-07-09 11:30:00,34.58000183105469,34.58000183105469,34.58000183105469,34.58000183105469,34.58000183105469,700
2026-07-09 12:30:00,34.56999969482422,35.2599983215332,34.279998779296875,35.060001373291016,35.060001373291016,15718767
2026-07-09 13:30:00,35.04999923706055,37.2599983215332,34.97999954223633,36.77000045776367,36.77000045776367,49357636
2026-07-09 14:30:00,36.79999923706055,37.31999969482422,36.709999084472656,37.25,37.25,21272090
2026-07-10 09:30:00,38.25,40.33000183105469,37.79999923706055,39.0099983215332,39.0099983215332,115771670
2026-07-10 10:30:00,38.959999084472656,38.970001220703125,37.79999923706055,38.08000183105469,38.08000183105469,30638384
2026-07-10 11:30:00,38.09000015258789,38.09000015258789,38.09000015258789,38.09000015258789,38.09000015258789,1400
2026-07-10 12:30:00,38.09999847412109,38.2400016784668,37.5099983215332,37.59999847412109,37.59999847412109,13540267
2026-07-10 13:30:00,37.63999938964844,37.93000030517578,36.88999938964844,37.16999816894531,37.16999816894531,32512952
2026-07-10 14:30:00,37.15999984741211,37.369998931884766,36.27999877929688,36.41999816894531,36.41999816894531,18478710
2026-07-13 09:30:00,35.84000015258789,37.81999969482422,35.779998779296875,37.36000061035156,37.36000061035156,75674038
2026-07-13 10:30:00,37.29999923706055,37.380001068115234,36.220001220703125,36.400001525878906,36.400001525878906,27331957
2026-07-13 11:30:00,36.45000076293945,36.45000076293945,36.45000076293945,36.45000076293945,36.45000076293945,2274
2026-07-13 12:30:00,36.36000061035156,36.54999923706055,35.54999923706055,35.86000061035156,35.86000061035156,16432994
2026-07-13 13:30:00,35.84000015258789,36.72999954223633,35.29999923706055,35.5,35.5,25197929
2026-07-13 14:30:00,35.47999954223633,35.959999084472656,35.29999923706055,35.86000061035156,35.86000061035156,14275814
2026-07-14 09:30:00,35.849998474121094,35.95000076293945,33.91999816894531,34.2599983215332,34.2599983215332,0
2026-07-14 10:30:00,34.279998779296875,34.36000061035156,32.040000915527344,32.869998931884766,32.869998931884766,47719286
2026-07-14 11:30:00,32.900001525878906,32.900001525878906,32.900001525878906,32.900001525878906,32.900001525878906,600
2026-07-14 12:30:00,33.0,34.849998474121094,32.9900016784668,34.61000061035156,34.61000061035156,19614709
2026-07-14 13:30:00,34.599998474121094,34.90999984741211,33.380001068115234,33.90999984741211,33.90999984741211,19673613
2026-07-14 14:30:00,33.84000015258789,34.59000015258789,33.79999923706055,34.54999923706055,34.54999923706055,13167064
2026-07-15 09:30:00,35.61000061035156,35.810001373291016,32.40999984741211,33.130001068115234,33.130001068115234,71068352
2026-07-15 10:30:00,33.13999938964844,33.31999969482422,31.670000076293945,31.959999084472656,31.959999084472656,29672744
2026-07-15 12:30:00,31.979999542236328,32.16999816894531,31.200000762939453,32.04999923706055,32.04999923706055,13511402
2026-07-15 13:30:00,32.0099983215332,32.15999984741211,30.920000076293945,31.059999465942383,31.059999465942383,25514840
2026-07-15 14:30:00,31.059999465942383,31.190000534057617,30.8799991607666,30.920000076293945,30.920000076293945,16991059
2026-07-16 09:30:00,29.93000030517578,31.64999961853028,29.18000030517578,31.14999961853028,31.14999961853028,0
2026-07-16 10:30:00,31.13999938964844,31.18000030517578,30.280000686645508,30.5,30.5,15978567
2026-07-16 11:30:00,30.46999931335449,30.46999931335449,30.46999931335449,30.46999931335449,30.46999931335449,2100
2026-07-16 12:30:00,30.5,30.5,29.81999969482422,29.86000061035156,29.86000061035156,8138619
2026-07-16 13:30:00,29.799999237060547,31.040000915527344,29.100000381469727,29.18000030517578,29.18000030517578,26681458
2026-07-16 14:30:00,29.13999938964844,29.229999542236328,28.709999084472656,28.8799991607666,28.8799991607666,23109295
2026-07-17 09:30:00,28.8799991607666,29.39999961853028,27.709999084472656,28.030000686645508,28.030000686645508,0
2026-07-17 10:30:00,28.020000457763672,28.64999961853028,27.540000915527344,27.57999992370605,27.57999992370605,23189837
2026-07-17 11:30:00,27.6200008392334,27.6200008392334,27.6200008392334,27.6200008392334,27.6200008392334,200
2026-07-17 12:30:00,27.6200008392334,27.670000076293945,26.809999465942383,27.200000762939453,27.200000762939453,16999138
2026-07-17 13:30:00,27.21999931335449,28.25,26.38999938964844,27.57999992370605,27.57999992370605,33013139
2026-07-17 14:30:00,27.530000686645508,27.709999084472656,26.600000381469727,26.700000762939453,26.700000762939453,13172838
2026-07-20 09:30:00,27.700000762939453,27.93000030517578,26.01000022888184,26.020000457763672,26.020000457763672,0
2026-07-20 10:30:00,26.01000022888184,26.850000381469727,25.6200008392334,25.850000381469727,25.850000381469727,21612988
2026-07-20 12:30:00,25.850000381469727,26.020000457763672,25.1299991607666,25.13999938964844,25.13999938964844,11844948
2026-07-20 13:30:00,25.14999961853028,25.489999771118164,24.530000686645508,24.530000686645508,24.530000686645508,32771170
2026-07-20 14:30:00,24.530000686645508,25.350000381469727,24.26000022888184,25.200000762939453,25.200000762939453,21628667
2026-07-21 09:30:00,25.86000061035156,25.8799991607666,23.36000061035156,24.57999992370605,24.57999992370605,0
2026-07-21 10:30:00,24.61000061035156,26.940000534057617,24.450000762939453,26.75,26.75,51114505
2026-07-21 11:30:00,26.75,26.75,26.75,26.75,26.75,57682
2026-07-21 12:30:00,26.780000686645508,27.049999237060547,26.209999084472656,26.5,26.5,19718446
2026-07-21 13:30:00,26.5,27.5,26.39999961853028,27.26000022888184,27.26000022888184,22137662
2026-07-21 14:30:00,27.280000686645508,27.88999938964844,27.15999984741211,27.690000534057617,27.690000534057617,15126759
2026-07-22 09:30:00,27.600000381469727,27.950000762939453,26.950000762939453,27.59000015258789,27.59000015258789,68107031
2026-07-22 10:30:00,27.57999992370605,27.6200008392334,26.690000534057617,27.520000457763672,27.520000457763672,26117504
2026-07-22 11:30:00,27.520000457763672,27.520000457763672,27.520000457763672,27.520000457763672,27.520000457763672,556
2026-07-22 12:30:00,27.5,27.51000022888184,26.700000762939453,26.739999771118164,26.739999771118164,10676867
2026-07-22 13:30:00,26.729999542236328,27.040000915527344,26.309999465942383,26.700000762939453,26.700000762939453,20091332
2026-07-22 14:30:00,26.690000534057617,26.989999771118164,26.600000381469727,26.600000381469727,26.600000381469727,10127299
2026-07-23 09:30:00,26.780000686645508,27.01000022888184,25.63999938964844,25.799999237060547,25.799999237060547,0
2026-07-23 10:30:00,25.81999969482422,26.06999969482422,25.34000015258789,25.520000457763672,25.520000457763672,17779514
2026-07-23 11:30:00,25.520000457763672,25.520000457763672,25.520000457763672,25.520000457763672,25.520000457763672,5503
2026-07-23 12:30:00,25.5,25.86000061035156,25.3700008392334,25.76000022888184,25.76000022888184,7858244
2026-07-23 13:30:00,25.690000534057617,26.43000030517578,25.63999938964844,25.93000030517578,25.93000030517578,16578077
2026-07-23 14:30:00,25.920000076293945,26.020000457763672,25.739999771118164,25.84000015258789,25.84000015258789,8321691
2026-07-24 09:30:00,25.3700008392334,26.3700008392334,25.299999237060547,25.799999237060547,25.799999237060547,34904557
2026-07-24 10:30:00,25.799999237060547,25.89999961853028,25.299999237060547,25.559999465942383,25.559999465942383,11877995
2026-07-24 11:30:00,25.39999961853028,25.39999961853028,25.39999961853028,25.39999961853028,25.39999961853028,27764
2026-07-24 12:30:00,25.559999465942383,26.32999992370605,25.51000022888184,26.18000030517578,26.18000030517578,14160329
2026-07-24 13:30:00,26.18000030517578,26.18000030517578,25.530000686645508,25.950000762939453,25.950000762939453,13864995
2026-07-24 14:30:00,25.959999084472656,26.049999237060547,25.690000534057617,25.86000061035156,25.86000061035156,9534274
2026-07-27 09:30:00,25.32999992370605,26.959999084472656,24.549999237060547,26.71999931335449,26.71999931335449,0
2026-07-27 10:30:00,26.700000762939453,26.700000762939453,26.170000076293945,26.3799991607666,26.3799991607666,12677450
2026-07-27 11:30:00,26.39999961853028,26.39999961853028,26.39999961853028,26.39999961853028,26.39999961853028,2628
2026-07-27 12:30:00,26.450000762939453,26.530000686645508,25.88999938964844,25.950000762939453,25.950000762939453,7644146
2026-07-27 13:30:00,25.959999084472656,26.32999992370605,25.76000022888184,26.26000022888184,26.26000022888184,10307056
2026-07-27 14:30:00,26.26000022888184,26.65999984741211,26.26000022888184,26.65999984741211,26.65999984741211,10662052
2026-07-28 09:30:00,25.82999992370605,26.90999984741211,25.780000686645508,26.0,26.0,40040045
2026-07-28 10:30:00,25.979999542236328,26.14999961853028,25.600000381469727,25.75,25.75,16297563
2026-07-28 12:30:00,25.76000022888184,25.850000381469727,25.40999984741211,25.479999542236328,25.479999542236328,7840721
2026-07-28 13:30:00,25.459999084472656,26.700000762939453,25.18000030517578,25.34000015258789,25.34000015258789,12353793
2026-07-28 14:30:00,25.34000015258789,25.36000061035156,25.030000686645508,25.32999992370605,25.32999992370605,10299121
2026-07-29 09:30:00,25.290000915527344,25.420000076293945,23.100000381469727,23.940000534057617,23.940000534057617,58234413
2026-07-29 10:30:00,23.89999961853028,24.0,23.14999961853028,23.309999465942383,23.309999465942383,18182788
2026-07-29 11:30:00,23.309999465942383,23.309999465942383,23.309999465942383,23.309999465942383,23.309999465942383,2982
2026-07-29 12:30:00,23.309999465942383,24.420000076293945,23.07999992370605,24.290000915527344,24.290000915527344,13563082
2026-07-29 13:30:00,24.26000022888184,24.770000457763672,24.020000457763672,24.280000686645508,24.280000686645508,13413467
2026-07-29 14:30:00,24.270000457763672,24.64999961853028,24.239999771118164,24.5,24.5,8546339
2026-07-30 09:30:00,24.26000022888184,24.350000381469727,23.200000762939453,23.38999938964844,23.38999938964844,34203778
2026-07-30 10:30:00,23.36000061035156,23.5,23.06999969482422,23.209999084472656,23.209999084472656,18039524
2026-07-30 11:30:00,23.229999542236328,23.229999542236328,23.229999542236328,23.229999542236328,23.229999542236328,3998
2026-07-30 12:30:00,23.170000076293945,23.780000686645508,23.040000915527344,23.63999938964844,23.63999938964844,12318744
2026-07-30 13:30:00,23.63999938964844,23.71999931335449,23.26000022888184,23.3700008392334,23.3700008392334,15424291
2026-07-30 14:30:00,23.3700008392334,23.530000686645508,22.64999961853028,22.64999961853028,22.64999961853028,17267035
2026-07-31 09:30:00,24.81999969482422,25.309999465942383,24.049999237060547,24.350000381469727,24.350000381469727,63540267
2026-07-31 10:30:00,24.32999992370605,24.36000061035156,23.76000022888184,24.049999237060547,24.049999237060547,14492491
2026-07-31 11:30:00,24.06999969482422,24.06999969482422,24.06999969482422,24.06999969482422,24.06999969482422,278
2026-07-31 12:30:00,24.100000381469727,24.479999542236328,24.09000015258789,24.239999771118164,24.239999771118164,6615608
2026-07-31 13:30:00,24.21999931335449,24.280000686645508,23.82999992370605,24.01000022888184,24.01000022888184,9039725
2026-07-31 14:30:00,24.0,24.0,23.450000762939453,23.479999542236328,23.479999542236328,11626024
2026-08-03 09:30:00,23.0,23.26000022888184,22.36000061035156,23.049999237060547,23.049999237060547,0
2026-08-03 10:30:00,23.049999237060547,23.46999931335449,22.979999542236328,23.31999969482422,23.31999969482422,12861509
2026-08-03 12:30:00,23.31999969482422,23.46999931335449,23.21999931335449,23.309999465942383,23.309999465942383,4142473
2026-08-03 13:30:00,23.309999465942383,23.790000915527344,23.020000457763672,23.43000030517578,23.43000030517578,11663307
2026-08-03 14:30:00,23.43000030517578,23.46999931335449,23.100000381469727,23.1200008392334,23.1200008392334,8858461
2026-08-04 09:30:00,23.39999961853028,23.799999237060547,23.1200008392334,23.290000915527344,23.290000915527344,0
2026-08-04 10:30:00,23.290000915527344,23.76000022888184,23.25,23.739999771118164,23.739999771118164,13743397
2026-08-04 11:30:00,23.700000762939453,23.700000762939453,23.700000762939453,23.700000762939453,23.700000762939453,13800
2026-08-04 12:30:00,23.739999771118164,23.979999542236328,23.6200008392334,23.979999542236328,23.979999542236328,11570161
2026-08-04 13:30:00,23.979999542236328,24.200000762939453,23.76000022888184,23.89999961853028,23.89999961853028,17902874
2026-08-04 14:30:00,23.89999961853028,23.90999984741211,23.68000030517578,23.81999969482422,23.81999969482422,9274518
2026-08-05 09:30:00,23.799999237060547,24.86000061035156,23.790000915527344,24.39999961853028,24.39999961853028,0
2026-08-05 10:30:00,24.420000076293945,25.38999938964844,24.18000030517578,25.25,25.25,30129124
2026-08-05 11:30:00,25.190000534057617,25.190000534057617,25.190000534057617,25.190000534057617,25.190000534057617,4800
2026-08-05 12:30:00,25.190000534057617,25.600000381469727,24.90999984741211,25.36000061035156,25.36000061035156,14745970
2026-08-05 13:30:00,25.350000381469727,25.88999938964844,25.11000061035156,25.25,25.25,21763177
2026-08-05 14:30:00,25.270000457763672,25.59000015258789,25.229999542236328,25.51000022888184,25.51000022888184,9813036
2026-08-06 09:30:00,24.670000076293945,26.020000457763672,24.64999961853028,25.950000762939453,25.950000762939453,58511366
2026-08-06 10:30:00,25.950000762939453,26.13999938964844,25.1299991607666,25.36000061035156,25.36000061035156,31020490
2026-08-06 11:30:00,25.38999938964844,25.38999938964844,25.38999938964844,25.38999938964844,25.38999938964844,7007
2026-08-06 12:30:00,25.38999938964844,26.059999465942383,25.350000381469727,25.40999984741211,25.40999984741211,10788194
2026-08-06 13:30:00,25.43000030517578,26.14999961853028,25.020000457763672,25.950000762939453,25.950000762939453,17976380
2026-08-06 14:30:00,25.950000762939453,26.0,25.520000457763672,25.8799991607666,25.8799991607666,11938537
2026-08-07 09:30:00,25.559999465942383,26.049999237060547,25.0,26.0,26.0,48256406
2026-08-07 10:30:00,25.989999771118164,26.290000915527344,25.540000915527344,25.790000915527344,25.790000915527344,27597924
2026-08-07 12:30:00,25.770000457763672,26.489999771118164,25.770000457763672,26.479999542236328,26.479999542236328,18589146
2026-08-07 13:30:00,26.489999771118164,26.600000381469727,26.06999969482422,26.190000534057617,26.190000534057617,23719778
2026-08-07 14:30:00,26.32999992370605,26.68000030517578,26.299999237060547,26.64999961853028,26.64999961853028,15687792
2026-08-10 09:30:00,26.540000915527344,26.799999237060547,25.51000022888184,25.770000457763672,25.770000457763672,53874982
2026-08-10 10:30:00,25.770000457763672,26.040000915527344,25.57999992370605,25.65999984741211,25.65999984741211,11194289
2026-08-10 12:30:00,25.65999984741211,25.739999771118164,25.38999938964844,25.520000457763672,25.520000457763672,7308702
2026-08-10 13:30:00,25.520000457763672,25.8700008392334,25.479999542236328,25.770000457763672,25.770000457763672,9191716
2026-08-10 14:30:00,25.770000457763672,25.979999542236328,25.739999771118164,25.8799991607666,25.8799991607666,9167462
2026-08-11 09:30:00,25.6200008392334,26.0,25.309999465942383,25.780000686645508,25.780000686645508,0
2026-08-11 10:30:00,25.780000686645508,26.350000381469727,25.729999542236328,25.950000762939453,25.950000762939453,21655868
2026-08-11 12:30:00,25.940000534057617,25.979999542236328,25.729999542236328,25.780000686645508,25.780000686645508,4895506
2026-08-11 13:30:00,25.780000686645508,26.0,25.549999237060547,25.600000381469727,25.600000381469727,8506198
2026-08-11 14:30:00,25.57999992370605,25.68000030517578,25.479999542236328,25.57999992370605,25.57999992370605,7989159
2026-08-12 09:30:00,25.71999931335449,26.100000381469727,25.5,25.86000061035156,25.86000061035156,0
2026-08-12 10:30:00,25.89999961853028,26.32999992370605,25.8700008392334,26.239999771118164,26.239999771118164,18198107
2026-08-12 11:30:00,26.229999542236328,26.229999542236328,26.229999542236328,26.229999542236328,26.229999542236328,1779
2026-08-12 12:30:00,26.26000022888184,26.270000457763672,25.920000076293945,25.959999084472656,25.959999084472656,7921850
2026-08-12 13:30:00,25.940000534057617,26.239999771118164,25.940000534057617,26.209999084472656,26.209999084472656,11515478
2026-08-12 14:30:00,26.200000762939453,26.350000381469727,26.13999938964844,26.26000022888184,26.26000022888184,0
2026-08-13 09:30:00,26.64999961853028,26.86000061035156,26.270000457763672,26.450000762939453,26.450000762939453,34296945
2026-08-13 10:30:00,26.440000534057617,26.5,26.100000381469727,26.21999931335449,26.21999931335449,18047169
2026-08-13 11:30:00,26.21999931335449,26.21999931335449,26.21999931335449,26.21999931335449,26.21999931335449,1100
2026-08-13 12:30:00,26.209999084472656,26.5,26.14999961853028,26.200000762939453,26.200000762939453,6181717
2026-08-13 13:30:00,26.200000762939453,26.25,25.770000457763672,25.84000015258789,25.84000015258789,16165296
2026-08-13 14:30:00,25.809999465942383,25.84000015258789,25.309999465942383,25.31999969482422,25.31999969482422,14402200
2026-08-14 09:30:00,25.780000686645508,25.940000534057617,25.489999771118164,25.6299991607666,25.6299991607666,0
2026-08-14 10:30:00,25.6299991607666,25.799999237060547,25.3799991607666,25.59000015258789,25.59000015258789,9791587
2026-08-14 11:30:00,25.56999969482422,25.56999969482422,25.56999969482422,25.56999969482422,25.56999969482422,200
2026-08-14 12:30:00,25.59000015258789,25.63999938964844,25.309999465942383,25.520000457763672,25.520000457763672,4370965
2026-08-14 13:30:00,25.520000457763672,25.89999961853028,25.51000022888184,25.850000381469727,25.850000381469727,10811573
2026-08-14 14:30:00,25.86000061035156,25.90999984741211,25.71999931335449,25.89999961853028,25.89999961853028,6011909
2026-08-17 09:30:00,25.8799991607666,26.899999618530273,25.649999618530273,26.540000915527344,26.540000915527344,0
2026-08-17 10:30:00,26.530000686645508,26.8799991607666,26.530000686645508,26.709999084472656,26.709999084472656,15002505
2026-08-17 11:30:00,26.719999313354492,26.719999313354492,26.719999313354492,26.719999313354492,26.719999313354492,4084
2026-08-17 12:30:00,26.709999084472656,26.899999618530273,26.549999237060547,26.6299991607666,26.6299991607666,8343629
2026-08-17 13:30:00,26.600000381469727,26.84000015258789,26.600000381469727,26.75,26.75,10231634
2026-08-17 14:30:00,26.75,26.8700008392334,26.68000030517578,26.829999923706055,26.829999923706055,10465769
