Date,Open,High,Low,Close,Adj Close,Volume
2024-07-05,2.490000009536743,2.490000009536743,2.490000009536743,2.490000009536743,2.2439658641815186,0
2024-10-02,75.19999694824219,93.3000030517578,72.80000305175781,93.3000030517578,84.08112335205078,31989628
2024-10-03,91.5,94.0,79.5,85.0,76.60124206542969,22114277
2024-10-04,84.0,97.0,83.0,93.0,83.81077575683594,10750017
2024-10-07,95.0,95.4499969482422,90.5500030517578,95.0,85.6131591796875,7676634
2024-10-08,101.0,101.0,83.5999984741211,84.1500015258789,75.8352279663086,14829015
2024-10-09,88.5999984741211,89.0,77.0,83.0,74.79886627197266,9235888
2024-10-10,85.94999694824219,86.94999694824219,81.25,84.75,76.37594604492188,4689224
2024-10-14,84.5,84.5,80.3499984741211,81.55000305175781,73.49214172363281,3989594
2024-10-15,81.55000305175781,82.80000305175781,78.0,79.4000015258789,71.55457305908203,3978644
2024-10-16,77.0,79.0,77.0,77.55000305175781,69.88737487792969,2114822
2024-10-17,78.94999694824219,79.80000305175781,73.0999984741211,74.0,66.68814086914062,3717755
2024-10-18,74.0,77.30000305175781,70.4000015258789,76.30000305175781,68.76087951660156,6037700
2024-10-21,75.19999694824219,77.1500015258789,73.55000305175781,74.9000015258789,67.49921417236328,2766115
2024-10-22,76.0,77.69999694824219,74.9000015258789,77.6500015258789,69.97749328613281,2466294
2024-10-23,79.5,80.9000015258789,78.0,78.44999694824219,70.69844055175781,2553093
2024-10-24,78.44999694824219,79.44999694824219,76.4000015258789,77.05000305175781,69.43677520751953,1407049
2024-10-25,78.0,79.4000015258789,77.0999984741211,78.0,70.29290008544922,688596
2024-10-28,78.0,78.94999694824219,77.0999984741211,78.05000305175781,70.33796691894531,992045
2024-10-29,79.3499984741211,79.3499984741211,76.4000015258789,77.0,69.39171600341797,2343003
2024-10-30,76.19999694824219,76.80000305175781,72.30000305175781,74.0,66.68814086914062,3693367
2024-10-31,74.5,74.80000305175781,73.0,73.05000305175781,65.83201599121094,2455568
2024-11-01,73.0,73.0,69.0999984741211,71.1500015258789,64.11975860595703,6819216
2024-11-04,71.5,72.30000305175781,70.0999984741211,72.25,65.11105346679688,2589623
2024-11-05,72.25,74.25,71.75,74.0,66.68814086914062,4780681
2024-11-06,73.05000305175781,73.94999694824219,70.05000305175781,70.9000015258789,63.89444732666016,3755742
2024-11-07,70.05000305175781,70.9000015258789,68.8499984741211,70.05000305175781,63.12844467163086,6739254
2024-11-08,71.5,73.1500015258789,70.1500015258789,72.0,64.88575744628906,7481198
2024-11-11,69.19999694824219,72.9000015258789,69.19999694824219,71.75,64.66046142578125,4908087
2024-11-12,71.75,75.3499984741211,70.5,71.05000305175781,64.0296401977539,6195023
2024-11-13,70.55000305175781,73.0,70.55000305175781,72.3499984741211,65.201171875,3427684
2024-11-14,72.3499984741211,73.8499984741211,70.55000305175781,71.0,63.98456573486328,3234893
2024-11-15,71.0,72.4000015258789,70.3499984741211,70.4000015258789,63.44385147094727,1979896
2024-11-18,70.4000015258789,70.94999694824219,68.9000015258789,69.80000305175781,62.90314102172852,2789157
2024-11-19,69.8499984741211,70.75,68.55000305175781,70.1500015258789,63.21855926513672,2279155
2024-11-20,70.0,70.0,69.0,69.30000305175781,62.452545166015625,2322445
2024-11-21,69.30000305175781,69.30000305175781,67.0999984741211,67.0999984741211,60.46992492675781,2852241
2024-11-22,67.6500015258789,69.5,67.1500015258789,67.8499984741211,61.14581680297852,4054243
2024-11-25,68.30000305175781,71.75,68.0999984741211,70.75,63.75926971435547,12619316
2024-11-26,70.0,71.0,68.5999984741211,70.0,63.08338165283203,5328598
2024-11-27,70.4000015258789,73.1500015258789,69.19999694824219,73.0,65.78695678710938,5482893
2024-11-28,73.5,73.5,69.75,70.80000305175781,63.8043327331543,3372722
2024-11-29,70.80000305175781,71.80000305175781,69.0999984741211,69.3499984741211,62.49760055541992,4178154
2024-12-02,69.3499984741211,70.3499984741211,69.0999984741211,70.0,63.08338165283203,2784249
2024-12-03,70.5,70.9000015258789,69.30000305175781,70.80000305175781,63.8043327331543,4207962
2024-12-04,71.5999984741211,74.94999694824219,70.5999984741211,74.30000305175781,66.95850372314453,11733819
2024-12-05,74.4000015258789,75.0,73.1500015258789,74.0999984741211,66.77825927734375,6986438
2024-12-06,74.5,74.80000305175781,71.55000305175781,71.55000305175781,64.480224609375,28856058
2024-12-09,71.55000305175781,71.55000305175781,71.55000305175781,71.55000305175781,64.480224609375,0
2024-12-10,79.8499984741211,79.9000015258789,74.3499984741211,75.55000305175781,68.08499145507812,9772348
2024-12-11,75.55000305175781,77.69999694824219,75.1500015258789,77.0,69.39171600341797,5417926
2024-12-12,77.0,78.44999694824219,76.30000305175781,76.9000015258789,69.30158996582031,4633650
2024-12-13,76.9000015258789,77.30000305175781,73.80000305175781,74.8499984741211,67.45415496826172,4367172
2024-12-16,74.75,75.25,72.69999694824219,73.0999984741211,65.87706756591797,2627122
2024-12-17,73.0999984741211,75.25,72.94999694824219,74.5999984741211,67.2288589477539,3228616
2024-12-18,74.5999984741211,76.19999694824219,74.5999984741211,76.1500015258789,68.62570190429688,3504791
2024-12-19,75.19999694824219,76.6500015258789,74.0999984741211,74.80000305175781,67.40909576416016,3542885
2024-12-20,74.44999694824219,75.25,74.25,74.6500015258789,67.27391815185547,3849179
2024-12-23,75.5999984741211,76.75,74.80000305175781,75.75,68.26522827148438,2853660
2024-12-24,77.8499984741211,77.8499984741211,77.8499984741211,77.8499984741211,70.15773010253906,0
2024-12-27,77.3499984741211,77.3499984741211,75.69999694824219,76.0999984741211,68.58064270019531,2646900
2024-12-30,76.0999984741211,77.30000305175781,74.6500015258789,74.94999694824219,67.54427337646484,2789209
2024-12-31,75.55000305175781,75.55000305175781,75.55000305175781,75.55000305175781,68.08499145507812,0
2025-01-02,75.55000305175781,78.0,74.5999984741211,74.6500015258789,67.27391815185547,4045066
2025-01-03,74.6500015258789,76.0,73.9000015258789,75.30000305175781,67.85968780517578,5170063
2025-01-06,75.30000305175781,76.0,74.69999694824219,75.30000305175781,67.85968780517578,3518944
2025-01-07,75.30000305175781,77.5999984741211,74.75,76.6500015258789,69.07630157470703,4196169
2025-01-08,76.6500015258789,79.80000305175781,76.1500015258789,79.30000305175781,71.4644546508789,5493667
2025-01-09,79.30000305175781,81.1500015258789,78.1500015258789,80.5999984741211,72.63600158691406,5361158
2025-01-10,80.5999984741211,80.5999984741211,76.75,77.05000305175781,69.43677520751953,4755943
2025-01-13,76.94999694824219,76.94999694824219,73.4000015258789,75.30000305175781,67.85968780517578,5279854
2025-01-14,75.30000305175781,76.25,74.3499984741211,75.05000305175781,67.63439178466797,4044058
2025-01-15,75.9000015258789,76.30000305175781,73.94999694824219,74.80000305175781,67.40909576416016,6044613
2025-01-16,75.44999694824219,75.9000015258789,74.5,75.0,67.58932495117188,3788819
2025-01-17,75.0,75.9000015258789,74.44999694824219,75.30000305175781,67.85968780517578,1583853
2025-01-20,76.0999984741211,78.0999984741211,75.6500015258789,76.3499984741211,68.80593872070312,3489666
2025-01-21,77.0,77.4000015258789,75.5999984741211,76.0999984741211,68.58064270019531,2682985
2025-01-22,76.0999984741211,76.30000305175781,73.30000305175781,73.4000015258789,66.14742279052734,4996593
2025-01-23,73.8499984741211,74.19999694824219,73.3499984741211,73.5999984741211,66.3276596069336,2615330
2025-01-24,73.5,74.30000305175781,73.0999984741211,73.30000305175781,66.05731201171875,2744784
2025-01-27,73.30000305175781,74.4000015258789,72.80000305175781,73.94999694824219,66.64308166503906,2321044
2025-01-28,74.80000305175781,74.80000305175781,74.80000305175781,74.80000305175781,67.40909576416016,0
2025-02-03,75.0999984741211,75.5,70.19999694824219,74.55000305175781,67.18379974365234,5292301
2025-02-04,74.5,75.44999694824219,73.44999694824219,75.0,67.58932495117188,2384156
2025-02-05,75.5,75.5,71.9000015258789,72.6500015258789,65.4715347290039,6540278
2025-02-06,74.0,74.4000015258789,72.05000305175781,73.6500015258789,66.37272644042969,5070112
2025-02-07,73.6500015258789,75.5,72.44999694824219,75.30000305175781,67.85968780517578,5541290
2025-02-10,75.30000305175781,75.69999694824219,74.19999694824219,75.5,68.03993225097656,5575281
2025-02-11,75.55000305175781,76.0,74.3499984741211,75.0,67.58932495117188,4285494
2025-02-12,75.5,75.80000305175781,73.8499984741211,74.44999694824219,67.09367370605469,6359362
2025-02-13,74.5,74.8499984741211,73.30000305175781,73.4000015258789,66.14742279052734,6767489
2025-02-14,74.0,76.0999984741211,73.25,76.0999984741211,68.58064270019531,6292490
2025-02-17,76.0999984741211,76.0999984741211,73.69999694824219,74.30000305175781,66.95850372314453,7849759
2025-02-18,74.9000015258789,75.4000015258789,73.80000305175781,75.4000015258789,67.9498062133789,6723175
2025-02-19,74.4000015258789,74.94999694824219,73.05000305175781,73.75,66.46284484863281,7879068
2025-02-20,73.5,74.30000305175781,72.19999694824219,72.19999694824219,65.06598663330078,4027801
2025-02-21,72.19999694824219,72.9000015258789,71.4000015258789,72.3499984741211,65.201171875,4871270
2025-02-24,72.30000305175781,73.6500015258789,71.19999694824219,72.1500015258789,65.02093505859375,4641651
2025-02-25,72.3499984741211,72.55000305175781,69.9000015258789,70.05000305175781,63.12844467163086,6214368
2025-02-26,70.05000305175781,73.1500015258789,69.80000305175781,73.1500015258789,65.92212677001953,6620608
2025-02-27,74.94999694824219,76.5999984741211,73.1500015258789,76.5999984741211,69.03123474121094,14695514
2025-02-28,76.5999984741211,76.5999984741211,73.30000305175781,74.0999984741211,66.77825927734375,8792661
2025-03-03,74.44999694824219,74.80000305175781,71.19999694824219,71.19999694824219,64.16480255126953,6865891
2025-03-04,71.25,73.9000015258789,71.19999694824219,73.0999984741211,65.87706756591797,4254000
2025-03-05,73.8499984741211,73.8499984741211,72.4000015258789,73.05000305175781,65.83201599121094,2887329
2025-03-06,73.5999984741211,74.4000015258789,72.25,73.19999694824219,65.9671859741211,5887849
2025-03-07,73.30000305175781,74.0,72.30000305175781,73.6500015258789,66.37272644042969,6059547
2025-03-10,72.5999984741211,73.55000305175781,71.69999694824219,72.19999694824219,65.06598663330078,5053221
2025-03-11,71.05000305175781,72.8499984741211,70.94999694824219,72.3499984741211,65.201171875,4473558
2025-03-12,72.3499984741211,72.6500015258789,70.8499984741211,71.5999984741211,64.52528381347656,6814902
2025-03-13,71.5,72.19999694824219,70.80000305175781,71.0,63.98456573486328,4523598
2025-03-14,71.80000305175781,73.9000015258789,70.5999984741211,73.5999984741211,66.3276596069336,12559338
2025-03-17,74.19999694824219,74.6500015258789,72.3499984741211,72.9000015258789,65.69683837890625,10636369
2025-03-18,73.75,80.4000015258789,73.0,80.19999694824219,72.27552795410156,27746842
2025-03-19,80.94999694824219,81.94999694824219,77.0,78.69999694824219,70.92374420166016,16277371
2025-03-20,78.69999694824219,79.0,75.9000015258789,76.05000305175781,68.53558349609375,13147641
2025-03-21,76.05000305175781,77.4000015258789,75.05000305175781,75.5,68.03993225097656,10354270
2025-03-24,75.25,78.4000015258789,75.25,78.05000305175781,70.33796691894531,7926580
2025-03-25,77.5,78.94999694824219,77.05000305175781,77.5,69.84231567382812,4676798
2025-03-26,77.5,78.30000305175781,77.19999694824219,77.9000015258789,70.2027816772461,3307534
2025-03-27,78.05000305175781,78.25,76.94999694824219,77.5,69.84231567382812,3733441
2025-03-28,77.80000305175781,78.5999984741211,76.1500015258789,76.3499984741211,68.80593872070312,5571602
2025-03-31,77.5999984741211,81.6500015258789,77.05000305175781,79.0,71.19409942626953,18466930
2025-04-01,79.8499984741211,80.0,75.3499984741211,75.5,68.03993225097656,7528921
2025-04-02,75.9000015258789,76.94999694824219,75.6500015258789,76.5999984741211,69.03123474121094,5017249
2025-04-03,75.3499984741211,75.75,72.05000305175781,72.94999694824219,65.74188995361328,18345600
2025-04-07,65.69999694824219,67.9000015258789,63.29999923706055,63.75,57.450931549072266,22121683
2025-04-08,65.0,67.80000305175781,65.0,65.80000305175781,59.298377990722656,16915124
2025-04-09,64.0,69.1500015258789,63.20000076293945,68.55000305175781,61.77665328979492,14271488
2025-04-10,68.0,71.75,68.0,69.25,62.40748977661133,10870100
2025-04-11,68.5,70.44999694824219,67.5999984741211,69.5,62.63277816772461,6663024
2025-04-14,71.0,71.1500015258789,68.75,69.0999984741211,62.27230453491211,5124375
2025-04-15,69.8499984741211,71.0999984741211,68.8499984741211,70.80000305175781,63.8043327331543,4472850
2025-04-16,70.80000305175781,70.80000305175781,68.1500015258789,68.9000015258789,62.09206771850586,7832300
2025-04-17,68.8499984741211,69.9000015258789,68.4000015258789,69.3499984741211,62.49760055541992,3749574
2025-04-22,69.9000015258789,71.30000305175781,69.69999694824219,70.55000305175781,63.57903289794922,4251388
2025-04-23,72.30000305175781,72.4000015258789,70.9000015258789,72.0,64.88575744628906,4398054
2025-04-24,71.6500015258789,73.0,71.55000305175781,72.55000305175781,65.38142395019531,3050950
2025-04-25,72.9000015258789,73.8499984741211,71.9000015258789,72.05000305175781,64.93082427978516,4494015
2025-04-28,72.30000305175781,74.05000305175781,72.30000305175781,73.30000305175781,66.05731201171875,3322260
2025-04-29,73.30000305175781,74.0999984741211,72.5,73.9000015258789,66.5980224609375,4766070
2025-04-30,75.0,75.4000015258789,73.1500015258789,73.55000305175781,66.28260803222656,7634119
2025-05-02,73.55000305175781,75.4000015258789,72.5999984741211,74.8499984741211,67.45415496826172,3752912
2025-05-06,73.0,74.9000015258789,73.0,74.44999694824219,67.09367370605469,4612150
2025-05-07,75.44999694824219,75.75,73.19999694824219,73.8499984741211,66.55296325683594,6554289
2025-05-08,73.94999694824219,75.0,73.0999984741211,74.6500015258789,67.27391815185547,5971839
2025-05-09,75.0,76.19999694824219,74.5,76.19999694824219,68.67076110839844,3588558
2025-05-12,76.0,79.94999694824219,76.0,79.30000305175781,71.4644546508789,7642062
2025-05-13,79.80000305175781,79.80000305175781,77.8499984741211,79.05000305175781,71.2391586303711,4294055
2025-05-14,79.9000015258789,79.9000015258789,77.05000305175781,78.0999984741211,70.38301849365234,6365629
2025-05-15,78.5,78.69999694824219,77.44999694824219,78.19999694824219,70.47313690185547,5481087
2025-05-16,78.0999984741211,78.3499984741211,77.55000305175781,77.9000015258789,70.2027816772461,2852759
2025-05-19,79.55000305175781,80.5,78.5,80.19999694824219,72.27552795410156,8615090
2025-05-20,80.19999694824219,81.8499984741211,79.1500015258789,81.69999694824219,73.62731170654297,6344233
2025-05-21,81.9000015258789,82.30000305175781,81.0,82.1500015258789,74.03285217285156,5238366
2025-05-22,82.1500015258789,82.5999984741211,81.0,82.0,73.89766693115234,3690355
2025-05-23,82.80000305175781,83.1500015258789,81.69999694824219,82.6500015258789,74.48343658447266,3715842
2025-05-26,82.6500015258789,83.0999984741211,81.0999984741211,81.30000305175781,73.26683807373047,4342775
2025-05-27,81.3499984741211,82.25,80.8499984741211,82.0999984741211,73.98778533935547,3735260
2025-05-28,82.19999694824219,83.69999694824219,82.0,82.80000305175781,74.61862182617188,3406253
2025-05-29,82.9000015258789,83.8499984741211,82.25,83.75,75.4747543334961,4358320
2025-05-30,82.0,83.3499984741211,82.0,82.4000015258789,74.25814819335938,6854486
2025-06-02,81.8499984741211,82.8499984741211,81.19999694824219,82.8499984741211,74.6636734008789,2429324
2025-06-03,79.5,80.25,76.9000015258789,77.5999984741211,73.30775451660156,4696219
2025-06-04,77.0999984741211,77.0999984741211,75.4000015258789,75.5999984741211,71.41838073730469,5516192
2025-06-05,76.19999694824219,76.75,74.5999984741211,75.0,70.8515625,9076224
2025-06-06,75.0999984741211,76.19999694824219,74.8499984741211,76.19999694824219,71.98518371582031,12072115
2025-06-09,75.94999694824219,76.1500015258789,74.19999694824219,76.1500015258789,71.93795776367188,10609457
2025-06-10,76.1500015258789,77.05000305175781,75.1500015258789,75.80000305175781,71.6073226928711,4123005
2025-06-11,75.9000015258789,76.3499984741211,75.05000305175781,75.5999984741211,71.41838073730469,4017768
2025-06-12,75.5999984741211,76.05000305175781,74.8499984741211,74.9000015258789,70.7571029663086,3492341
2025-06-13,74.4000015258789,75.1500015258789,73.25,73.9000015258789,69.81241607666016,5287060
2025-06-16,73.80000305175781,75.55000305175781,73.55000305175781,75.3499984741211,71.18220520019531,7167504
2025-06-17,75.80000305175781,76.30000305175781,75.30000305175781,76.0,71.79624938964844,3420907
2025-06-18,76.0999984741211,76.5,74.75,74.8499984741211,70.7098617553711,1702137
2025-06-19,74.8499984741211,75.30000305175781,74.0999984741211,74.44999694824219,70.33198547363281,3140097
2025-06-20,74.0999984741211,74.8499984741211,73.9000015258789,74.5999984741211,70.47369384765625,13071965
2025-06-23,74.55000305175781,74.55000305175781,73.05000305175781,73.80000305175781,69.71794891357422,4789786
2025-06-24,74.19999694824219,75.75,73.9000015258789,75.5,71.32391357421875,7837636
2025-06-25,75.94999694824219,77.0,75.5999984741211,76.75,72.50477600097656,3184345
2025-06-26,76.44999694824219,76.9000015258789,75.5,75.75,71.5600814819336,2532876
2025-06-27,75.4000015258789,75.94999694824219,74.44999694824219,74.94999694824219,70.80433654785156,3268835
2025-06-30,75.0,75.6500015258789,73.94999694824219,74.44999694824219,70.33198547363281,2968184
2025-07-02,75.44999694824219,76.69999694824219,74.3499984741211,76.0,71.79624938964844,3551475
2025-07-03,76.9000015258789,77.4000015258789,75.5,76.44999694824219,72.22135925292969,2736923
2025-07-04,76.6500015258789,77.80000305175781,75.5,77.55000305175781,73.2605209350586,3350519
2025-07-07,77.55000305175781,78.0,76.1500015258789,76.5,72.26860046386719,4217637
2025-07-08,77.0,77.0,75.5999984741211,76.1500015258789,71.93795776367188,6141363
2025-07-09,76.25,76.4000015258789,75.30000305175781,76.05000305175781,71.84349060058594,4087481
2025-07-10,76.5,76.69999694824219,75.5,76.30000305175781,72.07966613769531,3556149
2025-07-11,76.44999694824219,77.94999694824219,76.44999694824219,77.30000305175781,73.02435302734375,5065202
2025-07-14,76.80000305175781,77.8499984741211,76.30000305175781,77.44999694824219,73.16604614257812,2939600
2025-07-15,77.6500015258789,79.4000015258789,77.4000015258789,79.19999694824219,74.81925201416016,4805212
2025-07-16,79.19999694824219,79.5,78.0999984741211,78.19999694824219,73.87456512451172,2658462
2025-07-17,78.30000305175781,79.0999984741211,77.25,77.80000305175781,73.49669647216797,2947427
2025-07-18,78.0,78.5999984741211,77.55000305175781,77.94999694824219,73.63838958740234,2854458
2025-07-21,78.6500015258789,79.5999984741211,78.5,79.5999984741211,75.19712829589844,3777198
2025-07-22,79.80000305175781,80.44999694824219,79.0,79.8499984741211,75.43329620361328,3277342
2025-07-23,80.25,81.9000015258789,78.5999984741211,81.9000015258789,77.36991119384766,6149462
2025-07-24,81.0,81.44999694824219,78.80000305175781,79.5,75.1026611328125,8150510
2025-07-25,79.5,79.6500015258789,78.5,78.69999694824219,74.34690856933594,5048936
2025-07-28,79.0,79.25,78.25,79.0,74.63031768798828,3566456
2025-07-29,78.80000305175781,79.0999984741211,77.8499984741211,79.05000305175781,74.67755126953125,3332218
2025-07-30,79.1500015258789,80.55000305175781,78.44999694824219,79.9000015258789,75.48053741455078,6962968
2025-07-31,79.9000015258789,79.9000015258789,75.9000015258789,76.1500015258789,71.93795776367188,8454591
2025-08-01,76.0,77.0999984741211,75.5999984741211,75.9000015258789,71.70178985595703,3277782
2025-08-04,75.69999694824219,77.3499984741211,75.69999694824219,76.25,72.03242492675781,2707179
2025-08-05,76.9000015258789,77.69999694824219,76.5,77.5999984741211,73.30775451660156,3117530
2025-08-06,77.44999694824219,78.19999694824219,76.69999694824219,77.80000305175781,73.49669647216797,2953870
2025-08-07,78.4000015258789,78.94999694824219,77.9000015258789,78.5999984741211,74.25244140625,2457688
2025-08-08,77.80000305175781,78.8499984741211,77.6500015258789,78.5,74.15797424316406,1207419
2025-08-11,78.69999694824219,79.8499984741211,78.55000305175781,79.25,74.86648559570312,2047322
2025-08-12,79.25,80.5999984741211,78.69999694824219,79.75,75.33883666992188,3133889
2025-08-13,80.0,80.80000305175781,79.0999984741211,80.4000015258789,75.952880859375,2985107
2025-08-14,80.4000015258789,81.30000305175781,80.0,81.0,76.51969146728516,3923911
2025-08-15,80.80000305175781,80.8499984741211,80.0999984741211,80.75,76.28351593017578,4566667
2025-08-18,81.0,81.5,80.4000015258789,80.94999694824219,76.47245025634766,4790303
2025-08-19,82.75,83.5999984741211,80.8499984741211,82.5999984741211,78.03119659423828,8399280
2025-08-20,82.5999984741211,82.5999984741211,80.55000305175781,81.4000015258789,76.89756774902344,3201877
2025-08-21,81.4000015258789,82.5,80.9000015258789,81.9000015258789,77.36991119384766,4220077
2025-08-22,82.0,82.3499984741211,80.19999694824219,81.1500015258789,76.6613998413086,3622702
2025-08-25,81.9000015258789,84.0,81.6500015258789,83.94999694824219,79.3065185546875,6455530
2025-08-26,84.0,84.44999694824219,83.1500015258789,83.30000305175781,78.69247436523438,5089307
2025-08-27,84.05000305175781,84.3499984741211,81.30000305175781,81.5,76.99203491210938,5472333
2025-08-28,82.0,82.30000305175781,80.9000015258789,81.5999984741211,77.08650970458984,3883512
2025-08-29,82.5,83.8499984741211,81.5999984741211,81.75,77.22820281982422,5387121
2025-09-01,83.30000305175781,85.5,82.6500015258789,83.9000015258789,79.25928497314453,6497257
2025-09-02,84.8499984741211,87.80000305175781,84.0999984741211,86.80000305175781,81.9988784790039,10295120
2025-09-03,87.9000015258789,87.9000015258789,84.19999694824219,84.3499984741211,79.68439483642578,3566673
2025-09-04,85.3499984741211,85.3499984741211,83.0999984741211,83.3499984741211,78.73970794677734,4799157
2025-09-05,84.5,86.5,84.4000015258789,86.5,81.71546936035156,6896238
2025-09-08,86.6500015258789,87.6500015258789,85.80000305175781,87.3499984741211,82.51846313476562,4083807
2025-09-09,88.0,88.19999694824219,86.55000305175781,87.30000305175781,82.47122955322266,3952717
2025-09-10,87.0999984741211,87.44999694824219,86.05000305175781,86.69999694824219,81.90440368652344,1895585
2025-09-11,86.69999694824219,87.5999984741211,86.05000305175781,86.9000015258789,82.09335327148438,2831082
2025-09-12,86.94999694824219,88.1500015258789,85.5,85.9000015258789,81.1486587524414,3215009
2025-09-15,85.9000015258789,86.19999694824219,84.69999694824219,85.75,81.0069580078125,2264930
2025-09-16,85.80000305175781,86.05000305175781,83.9000015258789,84.55000305175781,79.87332916259766,3510989
2025-09-17,84.55000305175781,86.44999694824219,84.55000305175781,85.75,81.0069580078125,9452051
2025-09-18,85.75,86.19999694824219,82.75,83.55000305175781,78.92864990234375,6621301
2025-09-19,83.75,85.05000305175781,83.0999984741211,85.05000305175781,80.3456802368164,6580958
2025-09-22,85.19999694824219,85.4000015258789,82.4000015258789,82.6500015258789,78.07842254638672,4481521
2025-09-23,83.0,83.75,81.69999694824219,82.4000015258789,77.84225463867188,3165252
2025-09-24,82.69999694824219,83.44999694824219,81.8499984741211,83.4000015258789,78.78694915771484,3284498
2025-09-25,83.4000015258789,83.5999984741211,81.05000305175781,81.55000305175781,77.03927612304688,4791024
2025-09-26,81.55000305175781,82.8499984741211,81.0,81.80000305175781,77.27544403076172,3927249
2025-09-29,83.0,83.19999694824219,81.69999694824219,82.4000015258789,77.84225463867188,3602145
2025-09-30,82.0,82.30000305175781,81.05000305175781,82.25,77.70055389404297,3510952
2025-10-02,82.5999984741211,82.94999694824219,81.55000305175781,82.75,78.17288970947266,2384376
2025-10-03,82.75,83.30000305175781,82.0,83.19999694824219,78.5979995727539,1200198
2025-10-06,83.19999694824219,83.5,81.0999984741211,81.25,76.75586700439453,1902106
2025-10-08,82.3499984741211,82.3499984741211,80.0999984741211,81.1500015258789,76.6613998413086,2667389
2025-10-09,81.19999694824219,82.44999694824219,80.4000015258789,82.3499984741211,77.7950210571289,3835660
2025-10-10,81.44999694824219,82.9000015258789,80.94999694824219,81.3499984741211,76.85033416748047,3208815
2025-10-13,79.80000305175781,80.25,78.1500015258789,80.0999984741211,75.66947174072266,8003411
2025-10-14,80.0,81.4000015258789,79.5999984741211,79.9000015258789,75.48053741455078,4000693
2025-10-15,82.0,82.3499984741211,81.05000305175781,82.19999694824219,77.65331268310547,2929903
2025-10-16,83.5,83.5,80.8499984741211,82.0,77.4643783569336,2773143
2025-10-17,82.4000015258789,82.44999694824219,80.44999694824219,81.0999984741211,76.6141586303711,2956680
2025-10-20,83.4000015258789,83.4000015258789,81.44999694824219,82.19999694824219,77.65331268310547,2364910
2025-10-21,81.9000015258789,83.19999694824219,81.8499984741211,82.3499984741211,77.7950210571289,2438947
2025-10-22,82.19999694824219,82.94999694824219,81.69999694824219,82.5999984741211,78.03119659423828,1824827
2025-10-23,82.75,83.5,82.30000305175781,83.4000015258789,78.78694915771484,1643497
2025-10-24,84.19999694824219,84.19999694824219,83.25,84.0,79.35375213623047,1895178
2025-10-27,85.0,85.0,83.5999984741211,84.0,79.35375213623047,2842547
2025-10-28,84.80000305175781,84.80000305175781,81.94999694824219,82.25,77.70055389404297,4173917
2025-10-30,81.75,84.0999984741211,81.6500015258789,83.1500015258789,79.07659149169922,7894723
2025-10-31,83.1500015258789,84.9000015258789,83.1500015258789,84.0,79.88494873046875,2633614
2025-11-03,84.0999984741211,84.55000305175781,82.3499984741211,82.4000015258789,78.36333465576172,2872909
2025-11-04,82.4000015258789,84.4000015258789,82.19999694824219,84.1500015258789,80.02760314941406,5282930
2025-11-05,84.1500015258789,85.25,82.6500015258789,84.44999694824219,80.31290435791016,4883997
2025-11-06,85.25,87.05000305175781,84.5,87.05000305175781,82.78553771972656,4301999
2025-11-07,86.5,86.94999694824219,85.3499984741211,86.1500015258789,81.92962646484375,3708490
2025-11-10,86.69999694824219,87.69999694824219,85.75,87.3499984741211,83.07083892822266,3375670
2025-11-11,87.5,87.69999694824219,85.5,86.0999984741211,81.88207244873047,3465228
2025-11-12,86.75,90.1500015258789,86.1500015258789,89.8499984741211,85.4483642578125,5133335
2025-11-13,90.0,90.3499984741211,88.80000305175781,89.6500015258789,85.25816345214844,3016882
2025-11-14,88.30000305175781,89.8499984741211,88.25,88.8499984741211,84.49735260009766,2634176
2025-11-17,88.80000305175781,88.9000015258789,87.25,87.55000305175781,83.26103973388672,2596174
2025-11-18,87.55000305175781,87.80000305175781,85.19999694824219,85.75,81.5492172241211,5071415
2025-11-19,86.9000015258789,87.94999694824219,85.9000015258789,86.3499984741211,82.11982727050781,3216619
2025-11-20,87.69999694824219,88.55000305175781,86.75,87.94999694824219,83.64144134521484,4194510
2025-11-21,88.0,88.4000015258789,86.25,87.25,82.97573852539062,4885911
2025-11-24,88.19999694824219,89.8499984741211,87.80000305175781,88.80000305175781,84.4498062133789,9782693
2025-11-25,89.4000015258789,89.5,87.30000305175781,87.6500015258789,83.35614013671875,5571876
2025-11-26,88.4000015258789,89.25,87.5,89.05000305175781,84.68756103515625,4402445
2025-11-27,89.0,89.80000305175781,88.30000305175781,89.0,84.64000701904297,3005216
2025-11-28,89.0,89.69999694824219,88.1500015258789,88.5,84.16449737548828,2381853
2025-12-01,88.8499984741211,89.4000015258789,88.4000015258789,89.0,84.64000701904297,2003503
2025-12-02,89.0,91.0,89.0,90.4499969482422,86.01896667480469,3147830
2025-12-03,90.0999984741211,91.75,89.05000305175781,91.0,86.54203033447266,3637102
2025-12-04,91.0,91.8000030517578,90.1500015258789,90.9499969482422,86.49447631835938,3070040
2025-12-05,91.0500030517578,91.8499984741211,90.5999984741211,91.4499969482422,86.96997833251953,4118704
2025-12-08,91.4499969482422,92.1500015258789,90.3000030517578,90.6500015258789,86.20917510986328,2263087
2025-12-09,89.4000015258789,90.5500030517578,88.5,88.9000015258789,84.54490661621094,3289827
2025-12-10,88.9000015258789,89.0,87.75,89.0,84.64000701904297,2924202
2025-12-11,90.4499969482422,90.4499969482422,87.5,88.19999694824219,83.87919616699219,1854811
2025-12-12,89.5,89.6500015258789,88.44999694824219,89.05000305175781,84.68756103515625,2082885
2025-12-15,88.94999694824219,89.5,87.80000305175781,88.3499984741211,84.0218505859375,4664421
2025-12-16,88.3499984741211,89.0,87.5999984741211,88.0999984741211,83.78409576416016,3682551
2025-12-17,88.0999984741211,88.80000305175781,87.5,87.9000015258789,83.5938949584961,3789746
2025-12-18,87.94999694824219,88.1500015258789,86.6500015258789,87.0,82.73798370361328,3755082
2025-12-19,87.05000305175781,87.30000305175781,86.3499984741211,87.19999694824219,82.92818450927734,2925447
2025-12-22,87.19999694824219,87.44999694824219,86.4000015258789,87.30000305175781,83.0232925415039,2417269
2025-12-23,87.4000015258789,88.19999694824219,86.9000015258789,87.1500015258789,82.8806381225586,3061595
2025-12-24,86.9000015258789,86.9000015258789,86.9000015258789,86.9000015258789,82.64288330078125,0
2025-12-29,86.9000015258789,87.19999694824219,84.25,84.25,80.1227035522461,3676472
2025-12-30,84.30000305175781,85.8499984741211,84.05000305175781,85.69999694824219,81.50166320800781,3262090
2025-12-31,84.55000305175781,84.55000305175781,84.55000305175781,84.55000305175781,80.40800476074219,0
2026-01-02,85.19999694824219,89.44999694824219,85.0,89.30000305175781,84.92530822753906,2380968
2026-01-05,89.0999984741211,89.0999984741211,86.55000305175781,87.4000015258789,83.1183853149414,3580187
2026-01-06,88.19999694824219,88.3499984741211,86.19999694824219,87.19999694824219,82.92818450927734,3084614
2026-01-07,87.1500015258789,88.19999694824219,86.80000305175781,88.0999984741211,83.78409576416016,2660570
2026-01-08,87.75,88.0999984741211,86.0999984741211,87.3499984741211,83.07083892822266,3466056
2026-01-09,88.0,89.30000305175781,87.69999694824219,89.0,84.64000701904297,3282602
2026-01-12,89.8499984741211,89.8499984741211,86.05000305175781,86.5,82.2624740600586,4638900
2026-01-13,86.55000305175781,86.75,84.0999984741211,84.30000305175781,80.17025756835938,6092447
2026-01-14,85.0,85.1500015258789,83.3499984741211,84.5999984741211,80.45555114746094,8284408
2026-01-15,84.3499984741211,85.8499984741211,84.3499984741211,85.25,81.07371520996094,2773577
2026-01-16,86.0,86.5999984741211,85.55000305175781,85.9000015258789,81.6918716430664,1860099
2026-01-19,85.0,86.75,84.75,85.8499984741211,81.64431762695312,2527037
2026-01-20,85.6500015258789,87.9000015258789,85.25,87.0999984741211,82.83308410644531,2341444
2026-01-21,87.5,87.5999984741211,86.5999984741211,87.4000015258789,83.1183853149414,2544995
2026-01-22,87.5999984741211,87.69999694824219,85.44999694824219,85.69999694824219,81.50166320800781,2269236
2026-01-23,86.25,86.25,84.8499984741211,85.30000305175781,81.12126922607422,1740332
2026-01-26,85.30000305175781,85.80000305175781,84.25,85.30000305175781,81.12126922607422,1848954
2026-01-27,85.30000305175781,85.75,84.30000305175781,84.3499984741211,80.21780395507812,2158939
2026-01-28,84.55000305175781,84.55000305175781,82.5999984741211,84.30000305175781,80.17025756835938,5382756
2026-01-29,83.3499984741211,86.25,83.3499984741211,86.25,82.02472686767578,4775838
2026-01-30,84.8499984741211,87.4000015258789,84.8499984741211,85.6500015258789,81.45411682128906,4350991
2026-02-02,85.6500015258789,86.8499984741211,84.9000015258789,85.75,81.5492172241211,2723026
2026-02-03,85.75,87.5999984741211,85.5,87.05000305175781,82.78553771972656,4322672
2026-02-04,87.4000015258789,89.44999694824219,86.44999694824219,88.30000305175781,83.97430419921875,3517524
2026-02-05,88.30000305175781,89.9000015258789,87.5999984741211,89.0999984741211,84.735107421875,3098340
2026-02-06,89.30000305175781,89.6500015258789,87.55000305175781,88.05000305175781,83.7365493774414,2734683
2026-02-09,88.80000305175781,89.0,86.69999694824219,88.1500015258789,83.83164978027344,4507782
2026-02-10,88.55000305175781,89.8499984741211,87.44999694824219,89.75,85.35326385498047,3316621
2026-02-11,89.9000015258789,89.94999694824219,88.8499984741211,89.5999984741211,85.21060943603516,1896208
2026-02-12,90.0,90.8000030517578,89.25,90.8000030517578,86.3518295288086,3144373
2026-02-13,90.8000030517578,91.5,89.69999694824219,90.25,85.82877349853516,4920727
2026-02-16,91.5,91.5,91.5,91.5,87.01753234863281,0
2026-02-20,92.5,94.1999969482422,92.0,94.1999969482422,89.58525848388672,4317566
2026-02-23,95.0,95.0,93.0999984741211,93.5,88.9195556640625,2811598
2026-02-24,93.5,93.5,91.5,92.25,87.73078918457031,2980600
2026-02-25,93.5,93.9499969482422,91.8499984741211,92.3000030517578,87.7783432006836,2962612
2026-02-26,94.0,94.0,91.5,92.0999984741211,87.58814239501953,4297049
2026-02-27,91.6500015258789,92.0500030517578,90.4499969482422,90.8499984741211,86.39937591552734,2658745
2026-03-02,89.80000305175781,89.94999694824219,87.3499984741211,87.4000015258789,83.1183853149414,2611700
2026-03-03,87.5,88.1500015258789,85.5,85.8499984741211,81.64431762695312,5134260
2026-03-04,85.44999694824219,85.94999694824219,84.30000305175781,85.1500015258789,80.9786148071289,4286169
2026-03-05,86.19999694824219,86.75,85.05000305175781,85.0999984741211,80.93106079101562,3417169
2026-03-06,85.0999984741211,86.30000305175781,84.1500015258789,86.05000305175781,81.83452606201172,4372346
2026-03-09,83.55000305175781,84.75,82.5,84.3499984741211,80.21780395507812,4732692
2026-03-10,85.0,85.94999694824219,84.5999984741211,85.94999694824219,81.73941802978516,2626555
2026-03-11,86.3499984741211,86.9000015258789,85.19999694824219,86.6500015258789,82.4051284790039,2086187
2026-03-12,86.6500015258789,86.94999694824219,85.5,86.5,82.2624740600586,2006429
2026-03-13,85.5999984741211,86.6500015258789,85.25,85.44999694824219,81.263916015625,2200501
2026-03-16,85.19999694824219,85.69999694824219,84.0,85.3499984741211,81.16881561279297,1581343
2026-03-17,85.75,86.55000305175781,84.6500015258789,85.1500015258789,80.9786148071289,2249488
2026-03-18,85.80000305175781,86.6500015258789,84.5999984741211,86.25,82.02472686767578,1813603
2026-03-19,84.25,85.30000305175781,83.55000305175781,84.0,79.88494873046875,2672988
2026-03-20,84.9000015258789,84.9000015258789,83.0,83.69999694824219,79.59963989257812,3265552
2026-03-23,83.0,83.55000305175781,80.30000305175781,80.69999694824219,76.74661254882812,4633070
2026-03-24,80.80000305175781,82.6500015258789,80.5,82.6500015258789,78.60108184814453,2194460
2026-03-25,83.80000305175781,84.0,82.05000305175781,83.0,78.9339370727539,4289721
2026-03-26,82.55000305175781,82.80000305175781,81.1500015258789,81.4000015258789,77.41232299804688,3109032
2026-03-27,81.80000305175781,81.9000015258789,80.25,81.30000305175781,77.31722259521484,5645065
2026-03-30,78.4000015258789,81.19999694824219,77.6500015258789,78.44999694824219,74.6068344116211,8059659
2026-03-31,81.6500015258789,84.55000305175781,81.1500015258789,83.80000305175781,79.69474792480469,11593238
2026-04-01,85.5999984741211,85.5999984741211,83.05000305175781,84.0,79.88494873046875,4022667
2026-04-02,83.5999984741211,84.80000305175781,83.19999694824219,84.19999694824219,80.07514953613281,2702597
2026-04-08,85.0999984741211,86.55000305175781,84.69999694824219,85.44999694824219,81.263916015625,4901317
2026-04-09,85.55000305175781,86.25,84.75,85.5999984741211,81.40656280517578,4144682
2026-04-10,85.19999694824219,86.44999694824219,84.9000015258789,85.9000015258789,81.6918716430664,3939825
2026-04-13,86.5,86.5,84.0,84.4000015258789,80.2653579711914,3816038
2026-04-14,85.3499984741211,85.5999984741211,84.55000305175781,85.4000015258789,81.21636962890625,1672328
2026-04-15,86.0,86.6500015258789,85.3499984741211,86.3499984741211,82.11982727050781,2861717
2026-04-16,86.44999694824219,88.4000015258789,86.3499984741211,88.30000305175781,83.97430419921875,3030390
2026-04-17,88.30000305175781,89.55000305175781,87.69999694824219,89.4000015258789,85.0204086303711,4876949
2026-04-20,89.4000015258789,90.5999984741211,88.3499984741211,90.3000030517578,85.8763198852539,2883219
2026-04-21,91.8000030517578,91.8000030517578,89.5,90.9499969482422,86.49447631835938,2280920
2026-04-22,90.6999969482422,90.6999969482422,89.3499984741211,89.75,85.35326385498047,4725942
2026-04-23,90.0,90.4499969482422,88.5999984741211,89.55000305175781,85.1630630493164,2574238
2026-04-24,87.05000305175781,89.75,87.05000305175781,89.19999694824219,84.83020782470703,5526987
2026-04-27,88.69999694824219,89.19999694824219,87.80000305175781,88.8499984741211,84.49735260009766,5432116
2026-04-28,88.69999694824219,89.1500015258789,87.0,87.5,83.21348571777344,4642473
2026-04-29,88.9000015258789,89.25,87.0999984741211,89.1500015258789,84.78266143798828,4529832
2026-04-30,88.25,90.8499984741211,87.05000305175781,89.69999694824219,85.30570983886719,6656893
2026-05-04,91.0,91.5999984741211,87.8499984741211,88.4000015258789,84.06939697265625,3179229
2026-05-05,87.4000015258789,87.44999694824219,85.6500015258789,86.6500015258789,82.4051284790039,2490907
2026-05-06,87.0999984741211,88.1500015258789,87.0,87.69999694824219,83.4036865234375,4541541
2026-05-07,86.9000015258789,87.4000015258789,83.6500015258789,85.30000305175781,81.12126922607422,23531122
2026-05-08,85.0999984741211,86.0999984741211,85.0,85.30000305175781,81.12126922607422,6170149
2026-05-11,85.30000305175781,88.19999694824219,84.6500015258789,86.6500015258789,82.4051284790039,9010625
2026-05-12,87.0,88.4000015258789,86.30000305175781,87.8499984741211,83.54634094238281,8899569
2026-05-13,87.69999694824219,88.05000305175781,86.94999694824219,87.3499984741211,83.07083892822266,3874424
2026-05-14,87.75,90.1500015258789,87.19999694824219,90.0,85.59101867675781,8889669
2026-05-15,89.25,92.8499984741211,89.0,91.6500015258789,87.16018676757812,12335309
2026-05-18,91.6500015258789,93.6500015258789,90.9000015258789,91.6999969482422,87.20773315429688,14061762
2026-05-19,91.6999969482422,91.9000015258789,89.3499984741211,89.75,85.35326385498047,8403898
2026-05-20,89.80000305175781,90.8499984741211,88.69999694824219,90.6500015258789,86.20917510986328,5539214
2026-05-21,91.3000030517578,91.9499969482422,89.55000305175781,89.9000015258789,85.49591827392578,3854380
2026-05-22,89.9000015258789,90.6500015258789,88.69999694824219,89.05000305175781,84.68756103515625,4576764
2026-05-26,89.05000305175781,89.05000305175781,86.1500015258789,86.94999694824219,82.6904296875,9142570
2026-05-27,86.94999694824219,87.9000015258789,86.0999984741211,86.69999694824219,82.45267486572266,7118152
2026-05-28,86.6500015258789,86.6500015258789,84.5999984741211,85.05000305175781,80.88351440429688,7823793
2026-05-29,85.05000305175781,86.5999984741211,84.8499984741211,85.75,81.5492172241211,11039368
2026-06-01,86.1500015258789,89.5999984741211,85.5999984741211,89.30000305175781,84.92530822753906,13612908
2026-06-02,87.8499984741211,90.3000030517578,87.8499984741211,89.69999694824219,85.30570983886719,7194882
2026-06-03,90.1999969482422,91.1500015258789,89.1500015258789,91.0,86.54203033447266,9214360
2026-06-04,90.3499984741211,90.8000030517578,88.6500015258789,88.80000305175781,84.4498062133789,8621859
2026-06-05,88.3499984741211,88.80000305175781,87.75,88.19999694824219,83.87919616699219,7026192
2026-06-08,88.25,89.8499984741211,86.80000305175781,89.0,84.64000701904297,7755313
2026-06-09,88.19999694824219,90.9499969482422,88.19999694824219,90.1999969482422,85.78121948242188,5874470
2026-06-10,90.4000015258789,92.25,89.5,90.6500015258789,86.20917510986328,9189860
2026-06-11,90.6500015258789,91.25,89.5999984741211,90.5999984741211,86.16162109375,5693338
2026-06-12,91.1500015258789,92.1999969482422,89.94999694824219,91.5500030517578,87.0650863647461,7954736
2026-06-15,92.0,92.5,90.05000305175781,90.8499984741211,86.39937591552734,6425710
2026-06-16,91.5999984741211,91.5999984741211,88.94999694824219,90.1500015258789,85.73367309570312,5465040
2026-06-17,90.1500015258789,90.3499984741211,88.75,89.1500015258789,84.78266143798828,5484400
2026-06-18,87.19999694824219,87.44999694824219,83.3499984741211,84.19999694824219,84.19999694824219,9834291
2026-06-22,83.30000305175781,85.0,82.25,82.6500015258789,82.6500015258789,6812279
2026-06-23,82.25,83.44999694824219,81.1500015258789,81.69999694824219,81.69999694824219,6951602
2026-06-24,82.5,82.55000305175781,78.75,79.9000015258789,79.9000015258789,7969692
2026-06-25,80.0,80.44999694824219,78.69999694824219,79.19999694824219,79.19999694824219,5681088
2026-06-26,79.0,80.5999984741211,78.0999984741211,80.3499984741211,80.3499984741211,7270353
2026-06-29,82.3499984741211,85.0,82.0,84.05000305175781,84.05000305175781,13812616
2026-06-30,84.05000305175781,85.8499984741211,82.44999694824219,82.5999984741211,82.5999984741211,7565346
2026-07-02,84.8499984741211,87.19999694824219,83.9000015258789,86.0,86.0,12846333
2026-07-03,86.0,88.0999984741211,85.0999984741211,87.0999984741211,87.0999984741211,6364709
2026-07-06,87.69999694824219,89.5,87.69999694824219,88.3499984741211,88.3499984741211,7896722
2026-07-07,88.4000015258789,89.5999984741211,86.80000305175781,87.3499984741211,87.3499984741211,7871239
2026-07-08,87.3499984741211,88.55000305175781,86.8499984741211,88.1500015258789,88.1500015258789,6921694
2026-07-09,87.6500015258789,88.69999694824219,86.9000015258789,88.44999694824219,88.44999694824219,9235573
2026-07-10,88.69999694824219,89.19999694824219,88.3499984741211,88.75,88.75,8774594
2026-07-13,89.05000305175781,90.4000015258789,88.44999694824219,88.80000305175781,88.80000305175781,7812802
2026-07-14,88.80000305175781,90.1500015258789,88.25,89.55000305175781,89.55000305175781,6442401
2026-07-15,91.0999984741211,92.8499984741211,90.3499984741211,91.9000015258789,91.9000015258789,12467151
2026-07-16,92.5,92.9499969482422,91.1500015258789,91.75,91.75,7158532
2026-07-17,91.75,93.1999969482422,91.3499984741211,92.25,92.25,7238579
2026-07-20,92.4499969482422,94.5,92.3000030517578,94.3499984741211,94.3499984741211,11010466
2026-07-21,94.5500030517578,96.3000030517578,94.5,95.1500015258789,95.1500015258789,8697190
2026-07-22,95.1500015258789,95.4499969482422,93.9000015258789,94.9000015258789,94.9000015258789,4768156
2026-07-23,95.8000030517578,96.3000030517578,94.6999969482422,96.25,96.25,6446715
2026-07-24,95.75,96.1500015258789,94.1500015258789,94.75,94.75,3444130
2026-07-27,95.3000030517578,95.5,94.6500015258789,94.8499984741211,94.8499984741211,2374781
2026-07-28,95.0999984741211,96.5999984741211,94.8499984741211,96.3499984741211,96.3499984741211,4766157
2026-07-29,97.0500030517578,98.9499969482422,96.6500015258789,98.4000015258789,98.4000015258789,10227727
2026-07-30,99.0,99.75,97.6999969482422,98.9000015258789,98.9000015258789,7651613
2026-07-31,99.0,99.5,97.6500015258789,99.3499984741211,99.3499984741211,6389134
2026-08-03,99.4499969482422,99.75,97.25,97.75,97.75,3503208
2026-08-04,98.0500030517578,98.0500030517578,96.1500015258789,96.9499969482422,96.9499969482422,5677362
2026-08-05,97.3499984741211,98.5999984741211,96.3499984741211,97.5500030517578,97.5500030517578,4528496
2026-08-06,97.9000015258789,98.3499984741211,96.6999969482422,97.5,97.5,2466717
2026-08-07,97.5999984741211,97.8000030517578,94.9499969482422,95.6999969482422,95.6999969482422,6610525
2026-08-10,96.3499984741211,98.1500015258789,95.75,97.6500015258789,97.6500015258789,4283385
2026-08-11,97.9499969482422,98.3499984741211,96.8499984741211,97.0,97.0,3160994
2026-08-12,97.0,97.3499984741211,95.80000305175781,96.0999984741211,96.0999984741211,2658598
2026-08-13,96.0999984741211,96.80000305175781,95.5,96.4000015258789,96.4000015258789,4231985
2026-08-14,96.5999984741211,96.5999984741211,95.5999984741211,95.9000015258789,95.9000015258789,3829223
2026-08-17,96.4000015258789,96.80000305175781,95.3499984741211,95.5,95.5,2242170
2026-08-18,95.5,95.8499984741211,94.6500015258789,95.3499984741211,95.3499984741211,1030188
